build	Build	﻿2026-06-25T13:35:20.2276207Z ##[group]Run cargo build --release
build	Build	2026-06-25T13:35:20.2276567Z ^[[36;1mcargo build --release^[[0m
build	Build	2026-06-25T13:35:20.2310368Z shell: /usr/bin/bash -e {0}
build	Build	2026-06-25T13:35:20.2310637Z env:
build	Build	2026-06-25T13:35:20.2310858Z   CARGO_TERM_COLOR: always
build	Build	2026-06-25T13:35:20.2311111Z   CARGO_INCREMENTAL: 0
build	Build	2026-06-25T13:35:20.2311355Z   CARGO_PROFILE_DEV_DEBUG: 0
build	Build	2026-06-25T13:35:20.2311622Z   RUST_BACKTRACE: short
build	Build	2026-06-25T13:35:20.2311865Z   RUSTFLAGS: -D warnings
build	Build	2026-06-25T13:35:20.2312130Z   CARGO_UNSTABLE_SPARSE_REGISTRY: true
build	Build	2026-06-25T13:35:20.2312444Z   CARGO_REGISTRIES_CRATES_IO_PROTOCOL: sparse
build	Build	2026-06-25T13:35:20.2312742Z   CACHE_ON_FAILURE: true
build	Build	2026-06-25T13:35:20.2312972Z ##[endgroup]
build	Build	2026-06-25T13:35:21.2044882Z ^[[1m^[[92m    Updating^[[0m crates.io index
build	Build	2026-06-25T13:35:22.3383969Z ^[[1m^[[92m   Compiling^[[0m stellar-identity-credentials-sdk v0.1.0 (/home/runner/work/stellar-identity-credentials-sdk/stellar-identity-credentials-sdk)
build	Build	2026-06-25T13:35:25.7281885Z ^[[1m^[[91merror^[[0m^[[1m: unsupported type^[[0m
build	Build	2026-06-25T13:35:25.7305636Z ##[error]   ^[[1m^[[94m--> ^[[0msrc/reputation_score.rs:526:18
build	Build	2026-06-25T13:35:25.7326239Z     ^[[1m^[[94m|^[[0m
build	Build	2026-06-25T13:35:25.7326730Z ^[[1m^[[94m526^[[0m ^[[1m^[[94m|^[[0m         address: &Address,
build	Build	2026-06-25T13:35:25.7327196Z     ^[[1m^[[94m|^[[0m                  ^[[1m^[[91m^^[[0m
build	Build	2026-06-25T13:35:25.7327419Z 
build	Build	2026-06-25T13:35:27.3933533Z ^[[1m^[[91merror[E0432]^[[0m^[[1m: unresolved import `zk_attestation::ZKAttestation`^[[0m
build	Build	2026-06-25T13:35:27.3936170Z ##[error]  ^[[1m^[[94m--> ^[[0msrc/lib.rs:51:9
build	Build	2026-06-25T13:35:27.3937525Z    ^[[1m^[[94m|^[[0m
build	Build	2026-06-25T13:35:27.3938029Z ^[[1m^[[94m51^[[0m ^[[1m^[[94m|^[[0m pub use zk_attestation::ZKAttestation;
build	Build	2026-06-25T13:35:27.3938739Z    ^[[1m^[[94m|^[[0m         ^[[1m^[[91m^^^^^^^^^^^^^^^^^^^^^^^^^^^^^^[[0m ^[[1m^[[91mno `ZKAttestation` in `zk_attestation`^[[0m
build	Build	2026-06-25T13:35:27.3939145Z 
build	Build	2026-06-25T13:35:27.4028557Z ^[[1m^[[91merror[E0432]^[[0m^[[1m: unresolved import `crate::credential_schema`^[[0m
build	Build	2026-06-25T13:35:27.4029911Z ##[error]   ^[[1m^[[94m--> ^[[0msrc/credential_issuer.rs:207:20
build	Build	2026-06-25T13:35:27.4031292Z     ^[[1m^[[94m|^[[0m
build	Build	2026-06-25T13:35:27.4032000Z ^[[1m^[[94m207^[[0m ^[[1m^[[94m|^[[0m         use crate::credential_schema::CredentialSchema;
build	Build	2026-06-25T13:35:27.4033097Z     ^[[1m^[[94m|^[[0m                    ^[[1m^[[91m^^^^^^^^^^^^^^^^^^[[0m ^[[1m^[[91mcould not find `credential_schema` in the crate root^[[0m
build	Build	2026-06-25T13:35:27.4033655Z 
build	Build	2026-06-25T13:35:28.0319411Z ^[[1m^[[91merror[E0425]^[[0m^[[1m: cannot find type `ZKAttestation` in this scope^[[0m
build	Build	2026-06-25T13:35:28.0321065Z ##[error]   ^[[1m^[[94m--> ^[[0msrc/zk_attestation.rs:106:6
build	Build	2026-06-25T13:35:28.0324057Z     ^[[1m^[[94m|^[[0m
build	Build	2026-06-25T13:35:28.0324769Z ^[[1m^[[94m106^[[0m ^[[1m^[[94m|^[[0m impl ZKAttestation {
build	Build	2026-06-25T13:35:28.0325472Z     ^[[1m^[[94m|^[[0m      ^[[1m^[[91m^^^^^^^^^^^^^^[[0m ^[[1m^[[91mnot found in this scope^[[0m
build	Build	2026-06-25T13:35:28.0325893Z 
build	Build	2026-06-25T13:35:28.0414190Z ^[[1m^[[91merror[E0425]^[[0m^[[1m: cannot find type `BytesN` in this scope^[[0m
build	Build	2026-06-25T13:35:28.0415639Z ##[error]   ^[[1m^[[94m--> ^[[0msrc/zk_attestation.rs:427:25
build	Build	2026-06-25T13:35:28.0417550Z     ^[[1m^[[94m|^[[0m
build	Build	2026-06-25T13:35:28.0418023Z ^[[1m^[[94m427^[[0m ^[[1m^[[94m|^[[0m         let hash_bytes: BytesN<32> = hash.into();
build	Build	2026-06-25T13:35:28.0418546Z     ^[[1m^[[94m|^[[0m                         ^[[1m^[[91m^^^^^^^[[0m
build	Build	2026-06-25T13:35:28.0418895Z     ^[[1m^[[94m|^[[0m
build	Build	2026-06-25T13:35:28.0419639Z    ^[[1m^[[94m::: ^[[0m/home/runner/.cargo/registry/src/index.crates.io-1949cf8c6b5b557f/soroban-sdk-22.0.11/src/bytes.rs:254:1
build	Build	2026-06-25T13:35:28.0420216Z     ^[[1m^[[94m|^[[0m
build	Build	2026-06-25T13:35:28.0420506Z ^[[1m^[[94m254^[[0m ^[[1m^[[94m|^[[0m pub struct Bytes {
build	Build	2026-06-25T13:35:28.0421053Z     ^[[1m^[[94m|^[[0m ^[[1m^[[94m----------------^[[0m ^[[1m^[[94msimilarly named struct `Bytes` defined here^[[0m
build	Build	2026-06-25T13:35:28.0421491Z     ^[[1m^[[94m|^[[0m
build	Build	2026-06-25T13:35:28.0421807Z ^[[1m^[[96mhelp^[[0m: a struct with a similar name exists
build	Build	2026-06-25T13:35:28.0422170Z     ^[[1m^[[94m|^[[0m
build	Build	2026-06-25T13:35:28.0422548Z ^[[1m^[[94m427^[[0m ^[[91m- ^[[0m        let hash_bytes: ^[[91mBytesN^[[0m<32> = hash.into();
build	Build	2026-06-25T13:35:28.0423580Z ^[[1m^[[94m427^[[0m ^[[92m+ ^[[0m        let hash_bytes: ^[[92mBytes^[[0m<32> = hash.into();
build	Build	2026-06-25T13:35:28.0423992Z     ^[[1m^[[94m|^[[0m
build	Build	2026-06-25T13:35:28.0424122Z 
build	Build	2026-06-25T13:35:28.0430819Z ^[[1m^[[91merror[E0425]^[[0m^[[1m: cannot find type `BytesN` in this scope^[[0m
build	Build	2026-06-25T13:35:28.0431791Z ##[error]   ^[[1m^[[94m--> ^[[0msrc/zk_attestation.rs:433:25
build	Build	2026-06-25T13:35:28.0432646Z     ^[[1m^[[94m|^[[0m
build	Build	2026-06-25T13:35:28.0433056Z ^[[1m^[[94m433^[[0m ^[[1m^[[94m|^[[0m         let hash_bytes: BytesN<32> = hash.into();
build	Build	2026-06-25T13:35:28.0433528Z     ^[[1m^[[94m|^[[0m                         ^[[1m^[[91m^^^^^^^[[0m
build	Build	2026-06-25T13:35:28.0433862Z     ^[[1m^[[94m|^[[0m
build	Build	2026-06-25T13:35:28.0434748Z    ^[[1m^[[94m::: ^[[0m/home/runner/.cargo/registry/src/index.crates.io-1949cf8c6b5b557f/soroban-sdk-22.0.11/src/bytes.rs:254:1
build	Build	2026-06-25T13:35:28.0435321Z     ^[[1m^[[94m|^[[0m
build	Build	2026-06-25T13:35:28.0435607Z ^[[1m^[[94m254^[[0m ^[[1m^[[94m|^[[0m pub struct Bytes {
build	Build	2026-06-25T13:35:28.0436141Z     ^[[1m^[[94m|^[[0m ^[[1m^[[94m----------------^[[0m ^[[1m^[[94msimilarly named struct `Bytes` defined here^[[0m
build	Build	2026-06-25T13:35:28.0436593Z     ^[[1m^[[94m|^[[0m
build	Build	2026-06-25T13:35:28.0436903Z ^[[1m^[[96mhelp^[[0m: a struct with a similar name exists
build	Build	2026-06-25T13:35:28.0437247Z     ^[[1m^[[94m|^[[0m
build	Build	2026-06-25T13:35:28.0437622Z ^[[1m^[[94m433^[[0m ^[[91m- ^[[0m        let hash_bytes: ^[[91mBytesN^[[0m<32> = hash.into();
build	Build	2026-06-25T13:35:28.0438152Z ^[[1m^[[94m433^[[0m ^[[92m+ ^[[0m        let hash_bytes: ^[[92mBytes^[[0m<32> = hash.into();
build	Build	2026-06-25T13:35:28.0438526Z     ^[[1m^[[94m|^[[0m
build	Build	2026-06-25T13:35:28.0438653Z 
build	Build	2026-06-25T13:35:28.0442398Z ^[[1m^[[91merror[E0425]^[[0m^[[1m: cannot find type `BytesN` in this scope^[[0m
build	Build	2026-06-25T13:35:28.0443209Z ##[error]   ^[[1m^[[94m--> ^[[0msrc/zk_attestation.rs:446:25
build	Build	2026-06-25T13:35:28.0444045Z     ^[[1m^[[94m|^[[0m
build	Build	2026-06-25T13:35:28.0444683Z ^[[1m^[[94m446^[[0m ^[[1m^[[94m|^[[0m         let hash_bytes: BytesN<32> = hash.into();
build	Build	2026-06-25T13:35:28.0445391Z     ^[[1m^[[94m|^[[0m                         ^[[1m^[[91m^^^^^^^[[0m
build	Build	2026-06-25T13:35:28.0445730Z     ^[[1m^[[94m|^[[0m
build	Build	2026-06-25T13:35:28.0446352Z    ^[[1m^[[94m::: ^[[0m/home/runner/.cargo/registry/src/index.crates.io-1949cf8c6b5b557f/soroban-sdk-22.0.11/src/bytes.rs:254:1
build	Build	2026-06-25T13:35:28.0446922Z     ^[[1m^[[94m|^[[0m
build	Build	2026-06-25T13:35:28.0447204Z ^[[1m^[[94m254^[[0m ^[[1m^[[94m|^[[0m pub struct Bytes {
build	Build	2026-06-25T13:35:28.0447725Z     ^[[1m^[[94m|^[[0m ^[[1m^[[94m----------------^[[0m ^[[1m^[[94msimilarly named struct `Bytes` defined here^[[0m
build	Build	2026-06-25T13:35:28.0448151Z     ^[[1m^[[94m|^[[0m
build	Build	2026-06-25T13:35:28.0448458Z ^[[1m^[[96mhelp^[[0m: a struct with a similar name exists
build	Build	2026-06-25T13:35:28.0448791Z     ^[[1m^[[94m|^[[0m
build	Build	2026-06-25T13:35:28.0449154Z ^[[1m^[[94m446^[[0m ^[[91m- ^[[0m        let hash_bytes: ^[[91mBytesN^[[0m<32> = hash.into();
build	Build	2026-06-25T13:35:28.0449706Z ^[[1m^[[94m446^[[0m ^[[92m+ ^[[0m        let hash_bytes: ^[[92mBytes^[[0m<32> = hash.into();
build	Build	2026-06-25T13:35:28.0450105Z     ^[[1m^[[94m|^[[0m
build	Build	2026-06-25T13:35:28.0450232Z 
build	Build	2026-06-25T13:35:28.0543446Z ^[[1m^[[91merror[E0425]^[[0m^[[1m: cannot find type `ZKAttestation` in this scope^[[0m
build	Build	2026-06-25T13:35:28.0544702Z ##[error]   ^[[1m^[[94m--> ^[[0msrc/zk_attestation.rs:105:1
build	Build	2026-06-25T13:35:28.0545608Z     ^[[1m^[[94m|^[[0m
build	Build	2026-06-25T13:35:28.0545945Z ^[[1m^[[94m105^[[0m ^[[1m^[[94m|^[[0m #[contractimpl]
build	Build	2026-06-25T13:35:28.0546409Z     ^[[1m^[[94m|^[[0m ^[[1m^[[91m^^^^^^^^^^^^^^^^[[0m ^[[1m^[[91mnot found in this scope^[[0m
build	Build	2026-06-25T13:35:28.0546793Z     ^[[1m^[[94m|^[[0m
build	Build	2026-06-25T13:35:28.0547478Z     ^[[1m^[[94m= ^[[0m^[[1mnote^[[0m: this error originates in the attribute macro `contractimpl` (in Nightly builds, run with -Z macro-backtrace for more info)
build	Build	2026-06-25T13:35:28.0548008Z 
build	Build	2026-06-25T13:35:28.0610761Z ^[[1m^[[91merror[E0425]^[[0m^[[1m: cannot find type `ZKAttestationClient` in this scope^[[0m
build	Build	2026-06-25T13:35:28.0611811Z ##[error]   ^[[1m^[[94m--> ^[[0msrc/zk_attestation.rs:105:1
build	Build	2026-06-25T13:35:28.0612742Z     ^[[1m^[[94m|^[[0m
build	Build	2026-06-25T13:35:28.0613164Z ^[[1m^[[94m103^[[0m ^[[1m^[[94m|^[[0m pub struct ZKAttestationContract;
build	Build	2026-06-25T13:35:28.0613894Z     ^[[1m^[[94m|^[[0m ^[[1m^[[94m---------------------------------^[[0m ^[[1m^[[94msimilarly named struct `ZKAttestationContract` defined here^[[0m
build	Build	2026-06-25T13:35:28.0615033Z ^[[1m^[[94m104^[[0m ^[[1m^[[94m|^[[0m
build	Build	2026-06-25T13:35:28.0615382Z ^[[1m^[[94m105^[[0m ^[[1m^[[94m|^[[0m #[contractimpl]
build	Build	2026-06-25T13:35:28.0615746Z     ^[[1m^[[94m|^[[0m ^[[1m^[[91m^^^^^^^^^^^^^^^^[[0m
build	Build	2026-06-25T13:35:28.0616053Z     ^[[1m^[[94m|^[[0m
build	Build	2026-06-25T13:35:28.0617404Z     ^[[1m^[[94m= ^[[0m^[[1mnote^[[0m: this error originates in the attribute macro `soroban_sdk::contractclient` (in Nightly builds, run with -Z macro-backtrace for more info)
build	Build	2026-06-25T13:35:28.0618385Z ^[[1m^[[96mhelp^[[0m: a struct with a similar name exists
build	Build	2026-06-25T13:35:28.0618732Z     ^[[1m^[[94m|^[[0m
build	Build	2026-06-25T13:35:28.0619025Z ^[[1m^[[94m105^[[0m ^[[91m- #[contractimpl]^[[0m
build	Build	2026-06-25T13:35:28.0619399Z ^[[1m^[[94m105^[[0m ^[[92m+ ZKAttestationContract^[[0m
build	Build	2026-06-25T13:35:28.0619738Z     ^[[1m^[[94m|^[[0m
build	Build	2026-06-25T13:35:28.0619875Z 
build	Build	2026-06-25T13:35:28.0620244Z ^[[1m^[[91merror[E0425]^[[0m^[[1m: cannot find type `ZKAttestationArgs` in this scope^[[0m
build	Build	2026-06-25T13:35:28.0621084Z ##[error]   ^[[1m^[[94m--> ^[[0msrc/zk_attestation.rs:105:1
build	Build	2026-06-25T13:35:28.0621942Z     ^[[1m^[[94m|^[[0m
build	Build	2026-06-25T13:35:28.0622289Z ^[[1m^[[94m 25^[[0m ^[[1m^[[94m|^[[0m pub enum ZKAttestationError {
build	Build	2026-06-25T13:35:28.0622928Z     ^[[1m^[[94m|^[[0m ^[[1m^[[94m---------------------------^[[0m ^[[1m^[[94msimilarly named enum `ZKAttestationError` defined here^[[0m
build	Build	2026-06-25T13:35:28.0623445Z ^[[1m^[[94m...^[[0m
build	Build	2026-06-25T13:35:28.0623745Z ^[[1m^[[94m105^[[0m ^[[1m^[[94m|^[[0m #[contractimpl]
build	Build	2026-06-25T13:35:28.0624097Z     ^[[1m^[[94m|^[[0m ^[[1m^[[91m^^^^^^^^^^^^^^^^[[0m
build	Build	2026-06-25T13:35:28.0624616Z     ^[[1m^[[94m|^[[0m
build	Build	2026-06-25T13:35:28.0625846Z     ^[[1m^[[94m= ^[[0m^[[1mnote^[[0m: this error originates in the attribute macro `soroban_sdk::contractargs` (in Nightly builds, run with -Z macro-backtrace for more info)
build	Build	2026-06-25T13:35:28.0627320Z ^[[1m^[[96mhelp^[[0m: an enum with a similar name exists
build	Build	2026-06-25T13:35:28.0627843Z     ^[[1m^[[94m|^[[0m
build	Build	2026-06-25T13:35:28.0628262Z ^[[1m^[[94m105^[[0m ^[[91m- #[contractimpl]^[[0m
build	Build	2026-06-25T13:35:28.0628838Z ^[[1m^[[94m105^[[0m ^[[92m+ ZKAttestationError^[[0m
build	Build	2026-06-25T13:35:28.0629318Z     ^[[1m^[[94m|^[[0m
build	Build	2026-06-25T13:35:28.0629462Z 
build	Build	2026-06-25T13:35:28.0629822Z ^[[1m^[[91merror[E0425]^[[0m^[[1m: cannot find type `ZKAttestation` in module `super`^[[0m
build	Build	2026-06-25T13:35:28.0630650Z ##[error]   ^[[1m^[[94m--> ^[[0msrc/zk_attestation.rs:106:6
build	Build	2026-06-25T13:35:28.0631523Z     ^[[1m^[[94m|^[[0m
build	Build	2026-06-25T13:35:28.0631836Z ^[[1m^[[94m106^[[0m ^[[1m^[[94m|^[[0m impl ZKAttestation {
build	Build	2026-06-25T13:35:28.0632275Z     ^[[1m^[[94m|^[[0m      ^[[1m^[[91m^^^^^^^^^^^^^^[[0m ^[[1m^[[91mnot found in `super`^[[0m
build	Build	2026-06-25T13:35:28.0632541Z 
build	Build	2026-06-25T13:35:28.2422839Z ^[[1m^[[91merror^[[0m^[[1m: unused import: `Vec`^[[0m
build	Build	2026-06-25T13:35:28.2424279Z ##[error] ^[[1m^[[94m--> ^[[0msrc/schema_registry.rs:1:87
build	Build	2026-06-25T13:35:28.2425937Z   ^[[1m^[[94m|^[[0m
build	Build	2026-06-25T13:35:28.2426974Z ^[[1m^[[94m1^[[0m ^[[1m^[[94m|^[[0m use soroban_sdk::{contract, contracterror, contractimpl, Address, Bytes, Env, Symbol, Vec};
build	Build	2026-06-25T13:35:28.2428044Z   ^[[1m^[[94m|^[[0m                                                                                       ^[[1m^[[91m^^^^[[0m
build	Build	2026-06-25T13:35:28.2428660Z   ^[[1m^[[94m|^[[0m
build	Build	2026-06-25T13:35:28.2429203Z   ^[[1m^[[94m= ^[[0m^[[1mnote^[[0m: `-D unused-imports` implied by `-D warnings`
build	Build	2026-06-25T13:35:28.2430023Z   ^[[1m^[[94m= ^[[0m^[[1mhelp^[[0m: to override `-D warnings` add `#[allow(unused_imports)]`
build	Build	2026-06-25T13:35:28.2430501Z 
build	Build	2026-06-25T13:35:28.2430830Z ^[[1m^[[91merror^[[0m^[[1m: unused import: `symbol_short`^[[0m
build	Build	2026-06-25T13:35:28.2431868Z ##[error] ^[[1m^[[94m--> ^[[0msrc/zk_attestation.rs:2:58
build	Build	2026-06-25T13:35:28.2432975Z   ^[[1m^[[94m|^[[0m
build	Build	2026-06-25T13:35:28.2433812Z ^[[1m^[[94m2^[[0m ^[[1m^[[94m|^[[0m     contract, contracterror, contractimpl, contracttype, symbol_short, Address, Bytes, Env, Map,
build	Build	2026-06-25T13:35:28.2435054Z   ^[[1m^[[94m|^[[0m                                                          ^[[1m^[[91m^^^^^^^^^^^^^[[0m
build	Build	2026-06-25T13:35:28.2435456Z 
build	Build	2026-06-25T13:35:31.6093811Z ^[[1m^[[91merror[E0277]^[[0m^[[1m: the trait bound `soroban_sdk::Symbol: Topics` is not satisfied^[[0m
build	Build	2026-06-25T13:35:31.6096285Z ##[error]   ^[[1m^[[94m--> ^[[0msrc/compliance_filter.rs:185:22
build	Build	2026-06-25T13:35:31.6097509Z     ^[[1m^[[94m|^[[0m
build	Build	2026-06-25T13:35:31.6098022Z ^[[1m^[[94m185^[[0m ^[[1m^[[94m|^[[0m             .publish(Symbol::new(&env, "oracle_reg"), oracle);
build	Build	2026-06-25T13:35:31.6098894Z     ^[[1m^[[94m|^[[0m              ^[[1m^[[94m-------^[[0m ^[[1m^[[91m^^^^^^^^^^^^^^^^^^^^^^^^^^^^^^^^[[0m ^[[1m^[[91mthe trait `Topics` is not implemented for `soroban_sdk::Symbol`^[[0m
build	Build	2026-06-25T13:35:31.6099517Z     ^[[1m^[[94m|^[[0m              ^[[1m^[[94m|^[[0m
build	Build	2026-06-25T13:35:31.6099992Z     ^[[1m^[[94m|^[[0m              ^[[1m^[[94mrequired by a bound introduced by this call^[[0m
build	Build	2026-06-25T13:35:31.6100387Z     ^[[1m^[[94m|^[[0m
build	Build	2026-06-25T13:35:31.6100783Z     ^[[1m^[[94m= ^[[0m^[[1mhelp^[[0m: the following other types implement trait `Topics`:
build	Build	2026-06-25T13:35:31.6101171Z               ()
build	Build	2026-06-25T13:35:31.6101386Z               (T0, T1)
build	Build	2026-06-25T13:35:31.6101633Z               (T0, T1, T2)
build	Build	2026-06-25T13:35:31.6101876Z               (T0, T1, T2, T3)
build	Build	2026-06-25T13:35:31.6102127Z               (T0, T1, T2, T3, T4)
build	Build	2026-06-25T13:35:31.6102389Z               (T0, T1, T2, T3, T4, T5)
build	Build	2026-06-25T13:35:31.6102673Z               (T0, T1, T2, T3, T4, T5, T6)
build	Build	2026-06-25T13:35:31.6102957Z               (T0, T1, T2, T3, T4, T5, T6, T7)
build	Build	2026-06-25T13:35:31.6103237Z             and 7 others
build	Build	2026-06-25T13:35:31.6103698Z ^[[1m^[[92mnote^[[0m: required by a bound in `soroban_sdk::events::Events::publish`
build	Build	2026-06-25T13:35:31.6104738Z    ^[[1m^[[94m--> ^[[0m/home/runner/.cargo/registry/src/index.crates.io-1949cf8c6b5b557f/soroban-sdk-22.0.11/src/events.rs:90:12
build	Build	2026-06-25T13:35:31.6105330Z     ^[[1m^[[94m|^[[0m
build	Build	2026-06-25T13:35:31.6105727Z ^[[1m^[[94m 88^[[0m ^[[1m^[[94m|^[[0m     pub fn publish<T, D>(&self, topics: T, data: D)
build	Build	2026-06-25T13:35:31.6106543Z     ^[[1m^[[94m|^[[0m            ^[[1m^[[94m-------^[[0m ^[[1m^[[94mrequired by a bound in this associated function^[[0m
build	Build	2026-06-25T13:35:31.6107028Z ^[[1m^[[94m 89^[[0m ^[[1m^[[94m|^[[0m     where
build	Build	2026-06-25T13:35:31.6107374Z ^[[1m^[[94m 90^[[0m ^[[1m^[[94m|^[[0m         T: Topics,
build	Build	2026-06-25T13:35:31.6107919Z     ^[[1m^[[94m|^[[0m            ^[[1m^[[92m^^^^^^^[[0m ^[[1m^[[92mrequired by this bound in `Events::publish`^[[0m
build	Build	2026-06-25T13:35:31.6108384Z ^[[1m^[[96mhelp^[[0m: use a unary tuple instead
build	Build	2026-06-25T13:35:31.6108693Z     ^[[1m^[[94m|^[[0m
build	Build	2026-06-25T13:35:31.6109203Z ^[[1m^[[94m185^[[0m ^[[1m^[[94m| ^[[0m            .publish(^[[92m(^[[0mSymbol::new(&env, "oracle_reg")^[[92m,)^[[0m, oracle);
build	Build	2026-06-25T13:35:31.6109795Z     ^[[1m^[[94m|^[[0m                      ^[[92m+^[[0m                               ^[[92m++^[[0m
build	Build	2026-06-25T13:35:31.6110068Z 
build	Build	2026-06-25T13:35:31.6528244Z ^[[1m^[[91merror[E0277]^[[0m^[[1m: the trait bound `soroban_sdk::Symbol: Topics` is not satisfied^[[0m
build	Build	2026-06-25T13:35:31.6530029Z ##[error]   ^[[1m^[[94m--> ^[[0msrc/compliance_filter.rs:670:22
build	Build	2026-06-25T13:35:31.6531501Z     ^[[1m^[[94m|^[[0m
build	Build	2026-06-25T13:35:31.6532265Z ^[[1m^[[94m670^[[0m ^[[1m^[[94m|^[[0m             .publish(Symbol::new(&env, "rule_reg"), jurisdiction);
build	Build	2026-06-25T13:35:31.6533487Z     ^[[1m^[[94m|^[[0m              ^[[1m^[[94m-------^[[0m ^[[1m^[[91m^^^^^^^^^^^^^^^^^^^^^^^^^^^^^^[[0m ^[[1m^[[91mthe trait `Topics` is not implemented for `soroban_sdk::Symbol`^[[0m
build	Build	2026-06-25T13:35:31.6534122Z     ^[[1m^[[94m|^[[0m              ^[[1m^[[94m|^[[0m
build	Build	2026-06-25T13:35:31.6534816Z     ^[[1m^[[94m|^[[0m              ^[[1m^[[94mrequired by a bound introduced by this call^[[0m
build	Build	2026-06-25T13:35:31.6535231Z     ^[[1m^[[94m|^[[0m
build	Build	2026-06-25T13:35:31.6535644Z     ^[[1m^[[94m= ^[[0m^[[1mhelp^[[0m: the following other types implement trait `Topics`:
build	Build	2026-06-25T13:35:31.6536029Z               ()
build	Build	2026-06-25T13:35:31.6536247Z               (T0, T1)
build	Build	2026-06-25T13:35:31.6536478Z               (T0, T1, T2)
build	Build	2026-06-25T13:35:31.6536723Z               (T0, T1, T2, T3)
build	Build	2026-06-25T13:35:31.6536972Z               (T0, T1, T2, T3, T4)
build	Build	2026-06-25T13:35:31.6537245Z               (T0, T1, T2, T3, T4, T5)
build	Build	2026-06-25T13:35:31.6537519Z               (T0, T1, T2, T3, T4, T5, T6)
build	Build	2026-06-25T13:35:31.6538060Z               (T0, T1, T2, T3, T4, T5, T6, T7)
build	Build	2026-06-25T13:35:31.6538345Z             and 7 others
build	Build	2026-06-25T13:35:31.6538818Z ^[[1m^[[92mnote^[[0m: required by a bound in `soroban_sdk::events::Events::publish`
build	Build	2026-06-25T13:35:31.6539606Z    ^[[1m^[[94m--> ^[[0m/home/runner/.cargo/registry/src/index.crates.io-1949cf8c6b5b557f/soroban-sdk-22.0.11/src/events.rs:90:12
build	Build	2026-06-25T13:35:31.6540185Z     ^[[1m^[[94m|^[[0m
build	Build	2026-06-25T13:35:31.6540590Z ^[[1m^[[94m 88^[[0m ^[[1m^[[94m|^[[0m     pub fn publish<T, D>(&self, topics: T, data: D)
build	Build	2026-06-25T13:35:31.6541195Z     ^[[1m^[[94m|^[[0m            ^[[1m^[[94m-------^[[0m ^[[1m^[[94mrequired by a bound in this associated function^[[0m
build	Build	2026-06-25T13:35:31.6541684Z ^[[1m^[[94m 89^[[0m ^[[1m^[[94m|^[[0m     where
build	Build	2026-06-25T13:35:31.6542033Z ^[[1m^[[94m 90^[[0m ^[[1m^[[94m|^[[0m         T: Topics,
build	Build	2026-06-25T13:35:31.6542594Z     ^[[1m^[[94m|^[[0m            ^[[1m^[[92m^^^^^^^[[0m ^[[1m^[[92mrequired by this bound in `Events::publish`^[[0m
build	Build	2026-06-25T13:35:31.6543062Z ^[[1m^[[96mhelp^[[0m: use a unary tuple instead
build	Build	2026-06-25T13:35:31.6543381Z     ^[[1m^[[94m|^[[0m
build	Build	2026-06-25T13:35:31.6543949Z ^[[1m^[[94m670^[[0m ^[[1m^[[94m| ^[[0m            .publish(^[[92m(^[[0mSymbol::new(&env, "rule_reg")^[[92m,)^[[0m, jurisdiction);
build	Build	2026-06-25T13:35:31.6544768Z     ^[[1m^[[94m|^[[0m                      ^[[92m+^[[0m                             ^[[92m++^[[0m
build	Build	2026-06-25T13:35:31.6545021Z 
build	Build	2026-06-25T13:35:31.9814210Z ^[[1m^[[91merror[E0277]^[[0m^[[1m: `soroban_sdk::Bytes` doesn't implement `std::fmt::Display`^[[0m
build	Build	2026-06-25T13:35:31.9816036Z ##[error]   ^[[1m^[[94m--> ^[[0msrc/credential_issuer.rs:848:50
build	Build	2026-06-25T13:35:31.9817158Z     ^[[1m^[[94m|^[[0m
build	Build	2026-06-25T13:35:31.9817715Z ^[[1m^[[94m848^[[0m ^[[1m^[[94m|^[[0m ^[[1m^[[94m...^[[0m                   format!("{}{}", now, credential_id.clone()).as_bytes(),
build	Build	2026-06-25T13:35:31.9818674Z     ^[[1m^[[94m|^[[0m                                  ^[[1m^[[94m--^[[0m        ^[[1m^[[91m^^^^^^^^^^^^^^^^^^^^^^[[0m ^[[1m^[[91m`soroban_sdk::Bytes` cannot be formatted with the default formatter^[[0m
build	Build	2026-06-25T13:35:31.9819648Z     ^[[1m^[[94m|^[[0m                                  ^[[1m^[[94m|^[[0m
build	Build	2026-06-25T13:35:31.9820146Z     ^[[1m^[[94m|^[[0m                                  ^[[1m^[[94mrequired by this formatting parameter^[[0m
build	Build	2026-06-25T13:35:31.9820564Z     ^[[1m^[[94m|^[[0m
build	Build	2026-06-25T13:35:31.9821115Z     ^[[1m^[[94m= ^[[0m^[[1mhelp^[[0m: the trait `std::fmt::Display` is not implemented for `soroban_sdk::Bytes`
build	Build	2026-06-25T13:35:31.9821851Z     ^[[1m^[[94m= ^[[0m^[[1mnote^[[0m: in format strings you may be able to use `{:?}` (or {:#?} for pretty-print) instead
build	Build	2026-06-25T13:35:31.9822225Z 
build	Build	2026-06-25T13:35:33.2057429Z ^[[1m^[[91merror[E0599]^[[0m^[[1m: `soroban_sdk::Bytes` doesn't implement `std::fmt::Display`^[[0m
build	Build	2026-06-25T13:35:33.2058892Z ##[error]   ^[[1m^[[94m--> ^[[0msrc/schema_registry.rs:59:65
build	Build	2026-06-25T13:35:33.2059992Z     ^[[1m^[[94m|^[[0m
build	Build	2026-06-25T13:35:33.2060567Z ^[[1m^[[94m 59^[[0m ^[[1m^[[94m|^[[0m             &Symbol::new(&env, &format!("version:{}", schema_id.to_string())),
build	Build	2026-06-25T13:35:33.2061535Z     ^[[1m^[[94m|^[[0m                                                                 ^[[1m^[[91m^^^^^^^^^^[[0m ^[[1m^[[91mmethod cannot be called on `soroban_sdk::Bytes` due to unsatisfied trait bounds^[[0m
build	Build	2026-06-25T13:35:33.2062159Z     ^[[1m^[[94m|^[[0m
build	Build	2026-06-25T13:35:33.2062780Z    ^[[1m^[[94m::: ^[[0m/home/runner/.cargo/registry/src/index.crates.io-1949cf8c6b5b557f/soroban-sdk-22.0.11/src/bytes.rs:254:1
build	Build	2026-06-25T13:35:33.2063354Z     ^[[1m^[[94m|^[[0m
build	Build	2026-06-25T13:35:33.2063653Z ^[[1m^[[94m254^[[0m ^[[1m^[[94m|^[[0m pub struct Bytes {
build	Build	2026-06-25T13:35:33.2064701Z     ^[[1m^[[94m|^[[0m ^[[1m^[[94m----------------^[[0m ^[[1m^[[94mdoesn't satisfy `soroban_sdk::Bytes: ToString` or `soroban_sdk::Bytes: std::fmt::Display`^[[0m
build	Build	2026-06-25T13:35:33.2065296Z     ^[[1m^[[94m|^[[0m
build	Build	2026-06-25T13:35:33.2065675Z     ^[[1m^[[94m= ^[[0m^[[1mnote^[[0m: the following trait bounds were not satisfied:
build	Build	2026-06-25T13:35:33.2066104Z             `soroban_sdk::Bytes: std::fmt::Display`
build	Build	2026-06-25T13:35:33.2066467Z             which is required by `soroban_sdk::Bytes: ToString`
build	Build	2026-06-25T13:35:33.2066980Z 
build	Build	2026-06-25T13:35:33.2230159Z ^[[1m^[[91merror[E0599]^[[0m^[[1m: `soroban_sdk::Bytes` doesn't implement `std::fmt::Display`^[[0m
build	Build	2026-06-25T13:35:33.2231233Z ##[error]   ^[[1m^[[94m--> ^[[0msrc/schema_registry.rs:80:50
build	Build	2026-06-25T13:35:33.2233597Z     ^[[1m^[[94m|^[[0m
build	Build	2026-06-25T13:35:33.2234079Z ^[[1m^[[94m 80^[[0m ^[[1m^[[94m|^[[0m                 &format!("version:{}", schema_id.to_string()),
build	Build	2026-06-25T13:35:33.2235292Z     ^[[1m^[[94m|^[[0m                                                  ^[[1m^[[91m^^^^^^^^^^[[0m ^[[1m^[[91mmethod cannot be called on `soroban_sdk::Bytes` due to unsatisfied trait bounds^[[0m
build	Build	2026-06-25T13:35:33.2235886Z     ^[[1m^[[94m|^[[0m
build	Build	2026-06-25T13:35:33.2236529Z    ^[[1m^[[94m::: ^[[0m/home/runner/.cargo/registry/src/index.crates.io-1949cf8c6b5b557f/soroban-sdk-22.0.11/src/bytes.rs:254:1
build	Build	2026-06-25T13:35:33.2237097Z     ^[[1m^[[94m|^[[0m
build	Build	2026-06-25T13:35:33.2237425Z ^[[1m^[[94m254^[[0m ^[[1m^[[94m|^[[0m pub struct Bytes {
build	Build	2026-06-25T13:35:33.2238629Z     ^[[1m^[[94m|^[[0m ^[[1m^[[94m----------------^[[0m ^[[1m^[[94mdoesn't satisfy `soroban_sdk::Bytes: ToString` or `soroban_sdk::Bytes: std::fmt::Display`^[[0m
build	Build	2026-06-25T13:35:33.2239234Z     ^[[1m^[[94m|^[[0m
build	Build	2026-06-25T13:35:33.2239626Z     ^[[1m^[[94m= ^[[0m^[[1mnote^[[0m: the following trait bounds were not satisfied:
build	Build	2026-06-25T13:35:33.2240050Z             `soroban_sdk::Bytes: std::fmt::Display`
build	Build	2026-06-25T13:35:33.2240419Z             which is required by `soroban_sdk::Bytes: ToString`
build	Build	2026-06-25T13:35:33.2240670Z 
build	Build	2026-06-25T13:35:33.2299458Z ^[[1m^[[91merror[E0599]^[[0m^[[1m: `soroban_sdk::Bytes` doesn't implement `std::fmt::Display`^[[0m
build	Build	2026-06-25T13:35:33.2300495Z ##[error]   ^[[1m^[[94m--> ^[[0msrc/schema_registry.rs:114:65
build	Build	2026-06-25T13:35:33.2301341Z     ^[[1m^[[94m|^[[0m
build	Build	2026-06-25T13:35:33.2301868Z ^[[1m^[[94m114^[[0m ^[[1m^[[94m|^[[0m             &Symbol::new(&env, &format!("version:{}", schema_id.to_string())),
build	Build	2026-06-25T13:35:33.2303075Z     ^[[1m^[[94m|^[[0m                                                                 ^[[1m^[[91m^^^^^^^^^^[[0m ^[[1m^[[91mmethod cannot be called on `soroban_sdk::Bytes` due to unsatisfied trait bounds^[[0m
build	Build	2026-06-25T13:35:33.2303695Z     ^[[1m^[[94m|^[[0m
build	Build	2026-06-25T13:35:33.2304504Z    ^[[1m^[[94m::: ^[[0m/home/runner/.cargo/registry/src/index.crates.io-1949cf8c6b5b557f/soroban-sdk-22.0.11/src/bytes.rs:254:1
build	Build	2026-06-25T13:35:33.2305119Z     ^[[1m^[[94m|^[[0m
build	Build	2026-06-25T13:35:33.2305412Z ^[[1m^[[94m254^[[0m ^[[1m^[[94m|^[[0m pub struct Bytes {
build	Build	2026-06-25T13:35:33.2306168Z     ^[[1m^[[94m|^[[0m ^[[1m^[[94m----------------^[[0m ^[[1m^[[94mdoesn't satisfy `soroban_sdk::Bytes: ToString` or `soroban_sdk::Bytes: std::fmt::Display`^[[0m
build	Build	2026-06-25T13:35:33.2306749Z     ^[[1m^[[94m|^[[0m
build	Build	2026-06-25T13:35:33.2307136Z     ^[[1m^[[94m= ^[[0m^[[1mnote^[[0m: the following trait bounds were not satisfied:
build	Build	2026-06-25T13:35:33.2307545Z             `soroban_sdk::Bytes: std::fmt::Display`
build	Build	2026-06-25T13:35:33.2307917Z             which is required by `soroban_sdk::Bytes: ToString`
build	Build	2026-06-25T13:35:33.2308165Z 
build	Build	2026-06-25T13:35:33.2357264Z ^[[1m^[[91merror[E0599]^[[0m^[[1m: `soroban_sdk::Bytes` doesn't implement `std::fmt::Display`^[[0m
build	Build	2026-06-25T13:35:33.2358402Z ##[error]   ^[[1m^[[94m--> ^[[0msrc/schema_registry.rs:134:54
build	Build	2026-06-25T13:35:33.2359305Z     ^[[1m^[[94m|^[[0m
build	Build	2026-06-25T13:35:33.2359728Z ^[[1m^[[94m134^[[0m ^[[1m^[[94m|^[[0m                     &format!("version:{}", schema_id.to_string()),
build	Build	2026-06-25T13:35:33.2360604Z     ^[[1m^[[94m|^[[0m                                                      ^[[1m^[[91m^^^^^^^^^^[[0m ^[[1m^[[91mmethod cannot be called on `soroban_sdk::Bytes` due to unsatisfied trait bounds^[[0m
build	Build	2026-06-25T13:35:33.2361198Z     ^[[1m^[[94m|^[[0m
build	Build	2026-06-25T13:35:33.2361795Z    ^[[1m^[[94m::: ^[[0m/home/runner/.cargo/registry/src/index.crates.io-1949cf8c6b5b557f/soroban-sdk-22.0.11/src/bytes.rs:254:1
build	Build	2026-06-25T13:35:33.2362367Z     ^[[1m^[[94m|^[[0m
build	Build	2026-06-25T13:35:33.2362659Z ^[[1m^[[94m254^[[0m ^[[1m^[[94m|^[[0m pub struct Bytes {
build	Build	2026-06-25T13:35:33.2363408Z     ^[[1m^[[94m|^[[0m ^[[1m^[[94m----------------^[[0m ^[[1m^[[94mdoesn't satisfy `soroban_sdk::Bytes: ToString` or `soroban_sdk::Bytes: std::fmt::Display`^[[0m
build	Build	2026-06-25T13:35:33.2364229Z     ^[[1m^[[94m|^[[0m
build	Build	2026-06-25T13:35:33.2364876Z     ^[[1m^[[94m= ^[[0m^[[1mnote^[[0m: the following trait bounds were not satisfied:
build	Build	2026-06-25T13:35:33.2365305Z             `soroban_sdk::Bytes: std::fmt::Display`
build	Build	2026-06-25T13:35:33.2365697Z             which is required by `soroban_sdk::Bytes: ToString`
build	Build	2026-06-25T13:35:33.2365934Z 
build	Build	2026-06-25T13:35:33.2419771Z ^[[1m^[[91merror[E0599]^[[0m^[[1m: the method `to_string` exists for reference `&soroban_sdk::Bytes`, but its trait bounds were not satisfied^[[0m
build	Build	2026-06-25T13:35:33.2421152Z ##[error]   ^[[1m^[[94m--> ^[[0msrc/schema_registry.rs:155:49
build	Build	2026-06-25T13:35:33.2422011Z     ^[[1m^[[94m|^[[0m
build	Build	2026-06-25T13:35:33.2422504Z ^[[1m^[[94m155^[[0m ^[[1m^[[94m|^[[0m             &format!("schema:{}:v{}", schema_id.to_string(), version),
build	Build	2026-06-25T13:35:33.2423431Z     ^[[1m^[[94m|^[[0m                                                 ^[[1m^[[91m^^^^^^^^^^[[0m ^[[1m^[[91mmethod cannot be called on `&soroban_sdk::Bytes` due to unsatisfied trait bounds^[[0m
build	Build	2026-06-25T13:35:33.2424059Z     ^[[1m^[[94m|^[[0m
build	Build	2026-06-25T13:35:33.2424951Z    ^[[1m^[[94m::: ^[[0m/home/runner/.cargo/registry/src/index.crates.io-1949cf8c6b5b557f/soroban-sdk-22.0.11/src/bytes.rs:254:1
build	Build	2026-06-25T13:35:33.2425524Z     ^[[1m^[[94m|^[[0m
build	Build	2026-06-25T13:35:33.2425833Z ^[[1m^[[94m254^[[0m ^[[1m^[[94m|^[[0m pub struct Bytes {
build	Build	2026-06-25T13:35:33.2426589Z     ^[[1m^[[94m|^[[0m ^[[1m^[[94m----------------^[[0m ^[[1m^[[94mdoesn't satisfy `soroban_sdk::Bytes: ToString` or `soroban_sdk::Bytes: std::fmt::Display`^[[0m
build	Build	2026-06-25T13:35:33.2427169Z     ^[[1m^[[94m|^[[0m
build	Build	2026-06-25T13:35:33.2427542Z     ^[[1m^[[94m= ^[[0m^[[1mnote^[[0m: the following trait bounds were not satisfied:
build	Build	2026-06-25T13:35:33.2427958Z             `soroban_sdk::Bytes: std::fmt::Display`
build	Build	2026-06-25T13:35:33.2428324Z             which is required by `soroban_sdk::Bytes: ToString`
build	Build	2026-06-25T13:35:33.2428914Z             `&soroban_sdk::Bytes: std::fmt::Display`
build	Build	2026-06-25T13:35:33.2429274Z             which is required by `&soroban_sdk::Bytes: ToString`
build	Build	2026-06-25T13:35:33.2429519Z 
build	Build	2026-06-25T13:35:33.3475662Z ^[[1m^[[91merror[E0433]^[[0m^[[1m: cannot find type `ZKAttestation` in this scope^[[0m
build	Build	2026-06-25T13:35:33.3477366Z ##[error]   ^[[1m^[[94m--> ^[[0msrc/zk_attestation.rs:105:1
build	Build	2026-06-25T13:35:33.3478423Z     ^[[1m^[[94m|^[[0m
build	Build	2026-06-25T13:35:33.3478752Z ^[[1m^[[94m105^[[0m ^[[1m^[[94m|^[[0m #[contractimpl]
build	Build	2026-06-25T13:35:33.3479266Z     ^[[1m^[[94m|^[[0m ^[[1m^[[91m^^^^^^^^^^^^^^^^[[0m ^[[1m^[[91muse of undeclared type `ZKAttestation`^[[0m
build	Build	2026-06-25T13:35:33.3479688Z     ^[[1m^[[94m|^[[0m
build	Build	2026-06-25T13:35:33.3480362Z     ^[[1m^[[94m= ^[[0m^[[1mnote^[[0m: this error originates in the attribute macro `contractimpl` (in Nightly builds, run with -Z macro-backtrace for more info)
build	Build	2026-06-25T13:35:33.3480889Z 
build	Build	2026-06-25T13:35:33.7746224Z ^[[1m^[[91merror[E0382]^[[0m^[[1m: use of moved value: `issuer`^[[0m
build	Build	2026-06-25T13:35:33.7747598Z ##[error]   ^[[1m^[[94m--> ^[[0msrc/credential_issuer.rs:189:37
build	Build	2026-06-25T13:35:33.7748686Z     ^[[1m^[[94m|^[[0m
build	Build	2026-06-25T13:35:33.7749028Z ^[[1m^[[94m120^[[0m ^[[1m^[[94m|^[[0m         issuer: Address,
build	Build	2026-06-25T13:35:33.7749984Z     ^[[1m^[[94m|^[[0m         ^[[1m^[[94m------^[[0m ^[[1m^[[94mmove occurs because `issuer` has type `soroban_sdk::Address`, which does not implement the `Copy` trait^[[0m
build	Build	2026-06-25T13:35:33.7750625Z ^[[1m^[[94m...^[[0m
build	Build	2026-06-25T13:35:33.7751097Z ^[[1m^[[94m175^[[0m ^[[1m^[[94m|^[[0m             .set(&CredKey::IssuerCreds(issuer), &issuer_creds);
build	Build	2026-06-25T13:35:33.7751687Z     ^[[1m^[[94m|^[[0m                                        ^[[1m^[[94m------^[[0m ^[[1m^[[94mvalue moved here^[[0m
build	Build	2026-06-25T13:35:33.7752092Z ^[[1m^[[94m...^[[0m
build	Build	2026-06-25T13:35:33.7752452Z ^[[1m^[[94m189^[[0m ^[[1m^[[94m|^[[0m             (credential_id.clone(), issuer),
build	Build	2026-06-25T13:35:33.7752995Z     ^[[1m^[[94m|^[[0m                                     ^[[1m^[[91m^^^^^^^[[0m ^[[1m^[[91mvalue used here after move^[[0m
build	Build	2026-06-25T13:35:33.7753409Z     ^[[1m^[[94m|^[[0m
build	Build	2026-06-25T13:35:33.7753833Z ^[[1m^[[96mhelp^[[0m: consider cloning the value if the performance cost is acceptable
build	Build	2026-06-25T13:35:33.7754273Z     ^[[1m^[[94m|^[[0m
build	Build	2026-06-25T13:35:33.7755288Z ^[[1m^[[94m175^[[0m ^[[1m^[[94m| ^[[0m            .set(&CredKey::IssuerCreds(issuer^[[92m.clone()^[[0m), &issuer_creds);
build	Build	2026-06-25T13:35:33.7755843Z     ^[[1m^[[94m|^[[0m                                              ^[[92m++++++++^[[0m
build	Build	2026-06-25T13:35:33.7756084Z 
build	Build	2026-06-25T13:35:33.7958505Z ^[[1m^[[91merror[E0382]^[[0m^[[1m: use of moved value: `credential_id`^[[0m
build	Build	2026-06-25T13:35:33.7959678Z ##[error]   ^[[1m^[[94m--> ^[[0msrc/credential_issuer.rs:353:14
build	Build	2026-06-25T13:35:33.7960587Z     ^[[1m^[[94m|^[[0m
build	Build	2026-06-25T13:35:33.7960962Z ^[[1m^[[94m310^[[0m ^[[1m^[[94m|^[[0m         credential_id: Bytes,
build	Build	2026-06-25T13:35:33.7961916Z     ^[[1m^[[94m|^[[0m         ^[[1m^[[94m-------------^[[0m ^[[1m^[[94mmove occurs because `credential_id` has type `soroban_sdk::Bytes`, which does not implement the `Copy` trait^[[0m
build	Build	2026-06-25T13:35:33.7962587Z ^[[1m^[[94m...^[[0m
build	Build	2026-06-25T13:35:33.7963078Z ^[[1m^[[94m348^[[0m ^[[1m^[[94m|^[[0m                 .set(&CredKey::Reason(credential_id), &reason_bytes);
build	Build	2026-06-25T13:35:33.7963701Z     ^[[1m^[[94m|^[[0m                                       ^[[1m^[[94m-------------^[[0m ^[[1m^[[94mvalue moved here^[[0m
build	Build	2026-06-25T13:35:33.7964112Z ^[[1m^[[94m...^[[0m
build	Build	2026-06-25T13:35:33.7964742Z ^[[1m^[[94m353^[[0m ^[[1m^[[94m|^[[0m             (credential_id, issuer, reason),
build	Build	2026-06-25T13:35:33.7965270Z     ^[[1m^[[94m|^[[0m              ^[[1m^[[91m^^^^^^^^^^^^^^[[0m ^[[1m^[[91mvalue used here after move^[[0m
build	Build	2026-06-25T13:35:33.7965683Z     ^[[1m^[[94m|^[[0m
build	Build	2026-06-25T13:35:33.7966108Z ^[[1m^[[96mhelp^[[0m: consider cloning the value if the performance cost is acceptable
build	Build	2026-06-25T13:35:33.7966531Z     ^[[1m^[[94m|^[[0m
build	Build	2026-06-25T13:35:33.7967045Z ^[[1m^[[94m348^[[0m ^[[1m^[[94m| ^[[0m                .set(&CredKey::Reason(credential_id^[[92m.clone()^[[0m), &reason_bytes);
build	Build	2026-06-25T13:35:33.7967615Z     ^[[1m^[[94m|^[[0m                                                    ^[[92m++++++++^[[0m
build	Build	2026-06-25T13:35:33.7968112Z 
build	Build	2026-06-25T13:35:33.7968431Z ^[[1m^[[91merror[E0382]^[[0m^[[1m: use of partially moved value: `reason`^[[0m
build	Build	2026-06-25T13:35:33.7969176Z ##[error]   ^[[1m^[[94m--> ^[[0msrc/credential_issuer.rs:353:37
build	Build	2026-06-25T13:35:33.7969948Z     ^[[1m^[[94m|^[[0m
build	Build	2026-06-25T13:35:33.7970321Z ^[[1m^[[94m345^[[0m ^[[1m^[[94m|^[[0m         if let Some(reason_bytes) = reason {
build	Build	2026-06-25T13:35:33.7970863Z     ^[[1m^[[94m|^[[0m                     ^[[1m^[[94m------------^[[0m ^[[1m^[[94mvalue partially moved here^[[0m
build	Build	2026-06-25T13:35:33.7971290Z ^[[1m^[[94m...^[[0m
build	Build	2026-06-25T13:35:33.7971660Z ^[[1m^[[94m353^[[0m ^[[1m^[[94m|^[[0m             (credential_id, issuer, reason),
build	Build	2026-06-25T13:35:33.7972233Z     ^[[1m^[[94m|^[[0m                                     ^[[1m^[[91m^^^^^^^[[0m ^[[1m^[[91mvalue used here after partial move^[[0m
build	Build	2026-06-25T13:35:33.7972665Z     ^[[1m^[[94m|^[[0m
build	Build	2026-06-25T13:35:33.7973318Z     ^[[1m^[[94m= ^[[0m^[[1mnote^[[0m: partial move occurs because value has type `soroban_sdk::Bytes`, which does not implement the `Copy` trait
build	Build	2026-06-25T13:35:33.7974071Z ^[[1m^[[96mhelp^[[0m: borrow this binding in the pattern to avoid moving the value
build	Build	2026-06-25T13:35:33.7974615Z     ^[[1m^[[94m|^[[0m
build	Build	2026-06-25T13:35:33.7975001Z ^[[1m^[[94m345^[[0m ^[[1m^[[94m| ^[[0m        if let Some(^[[92mref ^[[0mreason_bytes) = reason {
build	Build	2026-06-25T13:35:33.7975451Z     ^[[1m^[[94m|^[[0m                     ^[[92m+++^[[0m
build	Build	2026-06-25T13:35:33.7975661Z 
build	Build	2026-06-25T13:35:33.7997258Z ^[[1m^[[91merror[E0382]^[[0m^[[1m: use of moved value: `delegator`^[[0m
build	Build	2026-06-25T13:35:33.7998409Z ##[error]   ^[[1m^[[94m--> ^[[0msrc/credential_issuer.rs:511:31
build	Build	2026-06-25T13:35:33.7999645Z     ^[[1m^[[94m|^[[0m
build	Build	2026-06-25T13:35:33.8000146Z ^[[1m^[[94m454^[[0m ^[[1m^[[94m|^[[0m         delegator: Address,
build	Build	2026-06-25T13:35:33.8001523Z     ^[[1m^[[94m|^[[0m         ^[[1m^[[94m---------^[[0m ^[[1m^[[94mmove occurs because `delegator` has type `soroban_sdk::Address`, which does not implement the `Copy` trait^[[0m
build	Build	2026-06-25T13:35:33.8002560Z ^[[1m^[[94m...^[[0m
build	Build	2026-06-25T13:35:33.8003274Z ^[[1m^[[94m507^[[0m ^[[1m^[[94m|^[[0m             .set(&CredKey::DelegatorAuths(delegator), &delegator_auths);
build	Build	2026-06-25T13:35:33.8003898Z     ^[[1m^[[94m|^[[0m                                           ^[[1m^[[94m---------^[[0m ^[[1m^[[94mvalue moved here^[[0m
build	Build	2026-06-25T13:35:33.8004830Z ^[[1m^[[94m...^[[0m
build	Build	2026-06-25T13:35:33.8005396Z ^[[1m^[[94m511^[[0m ^[[1m^[[94m|^[[0m             (auth_id.clone(), delegator, delegate),
build	Build	2026-06-25T13:35:33.8006211Z     ^[[1m^[[94m|^[[0m                               ^[[1m^[[91m^^^^^^^^^^[[0m ^[[1m^[[91mvalue used here after move^[[0m
build	Build	2026-06-25T13:35:33.8006784Z     ^[[1m^[[94m|^[[0m
build	Build	2026-06-25T13:35:33.8007368Z ^[[1m^[[96mhelp^[[0m: consider cloning the value if the performance cost is acceptable
build	Build	2026-06-25T13:35:33.8007972Z     ^[[1m^[[94m|^[[0m
build	Build	2026-06-25T13:35:33.8008819Z ^[[1m^[[94m507^[[0m ^[[1m^[[94m| ^[[0m            .set(&CredKey::DelegatorAuths(delegator^[[92m.clone()^[[0m), &delegator_auths);
build	Build	2026-06-25T13:35:33.8009746Z     ^[[1m^[[94m|^[[0m                                                    ^[[92m++++++++^[[0m
build	Build	2026-06-25T13:35:33.8010129Z 
build	Build	2026-06-25T13:35:33.8010525Z ^[[1m^[[91merror[E0382]^[[0m^[[1m: use of moved value: `delegate`^[[0m
build	Build	2026-06-25T13:35:33.8011539Z ##[error]   ^[[1m^[[94m--> ^[[0msrc/credential_issuer.rs:511:42
build	Build	2026-06-25T13:35:33.8012817Z     ^[[1m^[[94m|^[[0m
build	Build	2026-06-25T13:35:33.8013334Z ^[[1m^[[94m455^[[0m ^[[1m^[[94m|^[[0m         delegate: Address,
build	Build	2026-06-25T13:35:33.8015003Z     ^[[1m^[[94m|^[[0m         ^[[1m^[[94m--------^[[0m ^[[1m^[[94mmove occurs because `delegate` has type `soroban_sdk::Address`, which does not implement the `Copy` trait^[[0m
build	Build	2026-06-25T13:35:33.8016108Z ^[[1m^[[94m...^[[0m
build	Build	2026-06-25T13:35:33.8016870Z ^[[1m^[[94m497^[[0m ^[[1m^[[94m|^[[0m             .set(&CredKey::DelegateAuths(delegate), &delegate_auths);
build	Build	2026-06-25T13:35:33.8017888Z     ^[[1m^[[94m|^[[0m                                          ^[[1m^[[94m--------^[[0m ^[[1m^[[94mvalue moved here^[[0m
build	Build	2026-06-25T13:35:33.8018569Z ^[[1m^[[94m...^[[0m
build	Build	2026-06-25T13:35:33.8019174Z ^[[1m^[[94m511^[[0m ^[[1m^[[94m|^[[0m             (auth_id.clone(), delegator, delegate),
build	Build	2026-06-25T13:35:33.8020385Z     ^[[1m^[[94m|^[[0m                                          ^[[1m^[[91m^^^^^^^^^[[0m ^[[1m^[[91mvalue used here after move^[[0m
build	Build	2026-06-25T13:35:33.8021078Z     ^[[1m^[[94m|^[[0m
build	Build	2026-06-25T13:35:33.8021746Z ^[[1m^[[96mhelp^[[0m: consider cloning the value if the performance cost is acceptable
build	Build	2026-06-25T13:35:33.8022445Z     ^[[1m^[[94m|^[[0m
build	Build	2026-06-25T13:35:33.8023339Z ^[[1m^[[94m497^[[0m ^[[1m^[[94m| ^[[0m            .set(&CredKey::DelegateAuths(delegate^[[92m.clone()^[[0m), &delegate_auths);
build	Build	2026-06-25T13:35:33.8024542Z     ^[[1m^[[94m|^[[0m                                                  ^[[92m++++++++^[[0m
build	Build	2026-06-25T13:35:33.8025001Z 
build	Build	2026-06-25T13:35:33.8194006Z ^[[1m^[[91merror[E0382]^[[0m^[[1m: borrow of partially moved value: `auth`^[[0m
build	Build	2026-06-25T13:35:33.8195545Z ##[error]   ^[[1m^[[94m--> ^[[0msrc/credential_issuer.rs:662:49
build	Build	2026-06-25T13:35:33.8196927Z     ^[[1m^[[94m|^[[0m
build	Build	2026-06-25T13:35:33.8197661Z ^[[1m^[[94m647^[[0m ^[[1m^[[94m|^[[0m             .set(&CredKey::IssuerCreds(auth.delegator), &issuer_creds);
build	Build	2026-06-25T13:35:33.8198367Z     ^[[1m^[[94m|^[[0m                                        ^[[1m^[[94m--------------^[[0m ^[[1m^[[94mvalue partially moved here^[[0m
build	Build	2026-06-25T13:35:33.8198831Z ^[[1m^[[94m...^[[0m
build	Build	2026-06-25T13:35:33.8199291Z ^[[1m^[[94m662^[[0m ^[[1m^[[94m|^[[0m             .set(&CredKey::Delegation(auth_id), &auth);
build	Build	2026-06-25T13:35:33.8199921Z     ^[[1m^[[94m|^[[0m                                                 ^[[1m^[[91m^^^^^^[[0m ^[[1m^[[91mvalue borrowed here after partial move^[[0m
build	Build	2026-06-25T13:35:33.8200385Z     ^[[1m^[[94m|^[[0m
build	Build	2026-06-25T13:35:33.8201085Z     ^[[1m^[[94m= ^[[0m^[[1mnote^[[0m: partial move occurs because `auth.delegator` has type `soroban_sdk::Address`, which does not implement the `Copy` trait
build	Build	2026-06-25T13:35:33.8201587Z 
build	Build	2026-06-25T13:35:33.9187417Z ^[[1m^[[91merror[E0382]^[[0m^[[1m: use of moved value: `holder`^[[0m
build	Build	2026-06-25T13:35:33.9188620Z ##[error]   ^[[1m^[[94m--> ^[[0msrc/credential_offer.rs:235:40
build	Build	2026-06-25T13:35:33.9190026Z     ^[[1m^[[94m|^[[0m
build	Build	2026-06-25T13:35:33.9190457Z ^[[1m^[[94m131^[[0m ^[[1m^[[94m|^[[0m         holder: Address,
build	Build	2026-06-25T13:35:33.9191781Z     ^[[1m^[[94m|^[[0m         ^[[1m^[[94m------^[[0m ^[[1m^[[94mmove occurs because `holder` has type `soroban_sdk::Address`, which does not implement the `Copy` trait^[[0m
build	Build	2026-06-25T13:35:33.9193102Z ^[[1m^[[94m...^[[0m
build	Build	2026-06-25T13:35:33.9193863Z ^[[1m^[[94m219^[[0m ^[[1m^[[94m|^[[0m             .set(&OfferKey::HolderOffers(holder), &holder_offers);
build	Build	2026-06-25T13:35:33.9195058Z     ^[[1m^[[94m|^[[0m                                          ^[[1m^[[94m------^[[0m ^[[1m^[[94mvalue moved here^[[0m
build	Build	2026-06-25T13:35:33.9195670Z ^[[1m^[[94m...^[[0m
build	Build	2026-06-25T13:35:33.9196187Z ^[[1m^[[94m235^[[0m ^[[1m^[[94m|^[[0m             (offer_id.clone(), issuer, holder),
build	Build	2026-06-25T13:35:33.9197089Z     ^[[1m^[[94m|^[[0m                                        ^[[1m^[[91m^^^^^^^[[0m ^[[1m^[[91mvalue used here after move^[[0m
build	Build	2026-06-25T13:35:33.9197795Z     ^[[1m^[[94m|^[[0m
build	Build	2026-06-25T13:35:33.9198479Z ^[[1m^[[96mhelp^[[0m: consider cloning the value if the performance cost is acceptable
build	Build	2026-06-25T13:35:33.9199205Z     ^[[1m^[[94m|^[[0m
build	Build	2026-06-25T13:35:33.9200089Z ^[[1m^[[94m219^[[0m ^[[1m^[[94m| ^[[0m            .set(&OfferKey::HolderOffers(holder^[[92m.clone()^[[0m), &holder_offers);
build	Build	2026-06-25T13:35:33.9201008Z     ^[[1m^[[94m|^[[0m                                                ^[[92m++++++++^[[0m
build	Build	2026-06-25T13:35:33.9572134Z 
build	Build	2026-06-25T13:35:33.9572962Z ^[[1m^[[91merror^[[0m^[[1m: unused variable: `now`^[[0m
build	Build	2026-06-25T13:35:33.9574287Z ##[error]   ^[[1m^[[94m--> ^[[0msrc/credential_offer.rs:359:13
build	Build	2026-06-25T13:35:33.9575872Z     ^[[1m^[[94m|^[[0m
build	Build	2026-06-25T13:35:33.9576466Z ^[[1m^[[94m359^[[0m ^[[1m^[[94m|^[[0m         let now = env.ledger().timestamp();
build	Build	2026-06-25T13:35:33.9577478Z     ^[[1m^[[94m|^[[0m             ^[[1m^[[91m^^^^[[0m ^[[1m^[[91mhelp: if this is intentional, prefix it with an underscore: `_now`^[[0m
build	Build	2026-06-25T13:35:33.9578249Z     ^[[1m^[[94m|^[[0m
build	Build	2026-06-25T13:35:33.9578804Z     ^[[1m^[[94m= ^[[0m^[[1mnote^[[0m: `-D unused-variables` implied by `-D warnings`
build	Build	2026-06-25T13:35:33.9579681Z     ^[[1m^[[94m= ^[[0m^[[1mhelp^[[0m: to override `-D warnings` add `#[allow(unused_variables)]`
build	Build	2026-06-25T13:35:33.9580490Z 
build	Build	2026-06-25T13:35:33.9585013Z ^[[1m^[[91merror^[[0m^[[1m: unused variable: `now`^[[0m
build	Build	2026-06-25T13:35:33.9586681Z ##[error]   ^[[1m^[[94m--> ^[[0msrc/credential_offer.rs:410:13
build	Build	2026-06-25T13:35:33.9587990Z     ^[[1m^[[94m|^[[0m
build	Build	2026-06-25T13:35:33.9588616Z ^[[1m^[[94m410^[[0m ^[[1m^[[94m|^[[0m         let now = env.ledger().timestamp();
build	Build	2026-06-25T13:35:33.9589649Z     ^[[1m^[[94m|^[[0m             ^[[1m^[[91m^^^^[[0m ^[[1m^[[91mhelp: if this is intentional, prefix it with an underscore: `_now`^[[0m
build	Build	2026-06-25T13:35:33.9590264Z 
build	Build	2026-06-25T13:35:34.0097994Z ^[[1m^[[91merror[E0382]^[[0m^[[1m: use of moved value: `did`^[[0m
build	Build	2026-06-25T13:35:34.0099263Z ##[error]   ^[[1m^[[94m--> ^[[0msrc/did_recovery.rs:326:47
build	Build	2026-06-25T13:35:34.0100260Z     ^[[1m^[[94m|^[[0m
build	Build	2026-06-25T13:35:34.0100592Z ^[[1m^[[94m298^[[0m ^[[1m^[[94m|^[[0m         did: Bytes,
build	Build	2026-06-25T13:35:34.0101534Z     ^[[1m^[[94m|^[[0m         ^[[1m^[[94m---^[[0m ^[[1m^[[94mmove occurs because `did` has type `soroban_sdk::Bytes`, which does not implement the `Copy` trait^[[0m
build	Build	2026-06-25T13:35:34.0102159Z ^[[1m^[[94m...^[[0m
build	Build	2026-06-25T13:35:34.0102658Z ^[[1m^[[94m318^[[0m ^[[1m^[[94m|^[[0m             .set(&RecoveryKey::Guardian(did, guardian.clone()), &record);
build	Build	2026-06-25T13:35:34.0103272Z     ^[[1m^[[94m|^[[0m                                         ^[[1m^[[94m---^[[0m ^[[1m^[[94mvalue moved here^[[0m
build	Build	2026-06-25T13:35:34.0103658Z ^[[1m^[[94m...^[[0m
build	Build	2026-06-25T13:35:34.0104088Z ^[[1m^[[94m326^[[0m ^[[1m^[[94m|^[[0m             .set(&RecoveryKey::RecoveryConfig(did), &config);
build	Build	2026-06-25T13:35:34.0104999Z     ^[[1m^[[94m|^[[0m                                               ^[[1m^[[91m^^^^[[0m ^[[1m^[[91mvalue used here after move^[[0m
build	Build	2026-06-25T13:35:34.0105446Z     ^[[1m^[[94m|^[[0m
build	Build	2026-06-25T13:35:34.0106025Z ^[[1m^[[96mhelp^[[0m: consider cloning the value if the performance cost is acceptable
build	Build	2026-06-25T13:35:34.0106454Z     ^[[1m^[[94m|^[[0m
build	Build	2026-06-25T13:35:34.0107022Z ^[[1m^[[94m318^[[0m ^[[1m^[[94m| ^[[0m            .set(&RecoveryKey::Guardian(did^[[92m.clone()^[[0m, guardian.clone()), &record);
build	Build	2026-06-25T13:35:34.0107629Z     ^[[1m^[[94m|^[[0m                                            ^[[92m++++++++^[[0m
build	Build	2026-06-25T13:35:34.0107883Z 
build	Build	2026-06-25T13:35:34.0108383Z ^[[1m^[[91merror[E0382]^[[0m^[[1m: use of moved value: `did`^[[0m
build	Build	2026-06-25T13:35:34.0109041Z ##[error]   ^[[1m^[[94m--> ^[[0msrc/did_recovery.rs:329:64
build	Build	2026-06-25T13:35:34.0110147Z     ^[[1m^[[94m|^[[0m
build	Build	2026-06-25T13:35:34.0110606Z ^[[1m^[[94m298^[[0m ^[[1m^[[94m|^[[0m         did: Bytes,
build	Build	2026-06-25T13:35:34.0111760Z     ^[[1m^[[94m|^[[0m         ^[[1m^[[94m---^[[0m ^[[1m^[[94mmove occurs because `did` has type `soroban_sdk::Bytes`, which does not implement the `Copy` trait^[[0m
build	Build	2026-06-25T13:35:34.0112730Z ^[[1m^[[94m...^[[0m
build	Build	2026-06-25T13:35:34.0113384Z ^[[1m^[[94m326^[[0m ^[[1m^[[94m|^[[0m             .set(&RecoveryKey::RecoveryConfig(did), &config);
build	Build	2026-06-25T13:35:34.0114270Z     ^[[1m^[[94m|^[[0m                                               ^[[1m^[[94m---^[[0m ^[[1m^[[94mvalue moved here^[[0m
build	Build	2026-06-25T13:35:34.0115113Z ^[[1m^[[94m...^[[0m
build	Build	2026-06-25T13:35:34.0115940Z ^[[1m^[[94m329^[[0m ^[[1m^[[94m|^[[0m             .publish((Symbol::new(&env, "GuardianRemoved"),), (did, guardian));
build	Build	2026-06-25T13:35:34.0117049Z     ^[[1m^[[94m|^[[0m                                                                ^[[1m^[[91m^^^^[[0m ^[[1m^[[91mvalue used here after move^[[0m
build	Build	2026-06-25T13:35:34.0117810Z     ^[[1m^[[94m|^[[0m
build	Build	2026-06-25T13:35:34.0118496Z ^[[1m^[[96mhelp^[[0m: consider cloning the value if the performance cost is acceptable
build	Build	2026-06-25T13:35:34.0119171Z     ^[[1m^[[94m|^[[0m
build	Build	2026-06-25T13:35:34.0119958Z ^[[1m^[[94m326^[[0m ^[[1m^[[94m| ^[[0m            .set(&RecoveryKey::RecoveryConfig(did^[[92m.clone()^[[0m), &config);
build	Build	2026-06-25T13:35:34.0120873Z     ^[[1m^[[94m|^[[0m                                                  ^[[92m++++++++^[[0m
build	Build	2026-06-25T13:35:34.0121277Z 
build	Build	2026-06-25T13:35:34.0148412Z ^[[1m^[[91merror[E0382]^[[0m^[[1m: use of moved value: `request.did`^[[0m
build	Build	2026-06-25T13:35:34.0149843Z ##[error]   ^[[1m^[[94m--> ^[[0msrc/did_recovery.rs:591:26
build	Build	2026-06-25T13:35:34.0151342Z     ^[[1m^[[94m|^[[0m
build	Build	2026-06-25T13:35:34.0152749Z ^[[1m^[[94m587^[[0m ^[[1m^[[94m|^[[0m             .set(&RecoveryKey::RecoveryConfig(request.did), &config);
build	Build	2026-06-25T13:35:34.0153827Z     ^[[1m^[[94m|^[[0m                                               ^[[1m^[[94m-----------^[[0m ^[[1m^[[94mvalue moved here^[[0m
build	Build	2026-06-25T13:35:34.0154579Z ^[[1m^[[94m...^[[0m
build	Build	2026-06-25T13:35:34.0155549Z ^[[1m^[[94m591^[[0m ^[[1m^[[94m|^[[0m             (request_id, request.did, new_controller.clone()),
build	Build	2026-06-25T13:35:34.0156351Z     ^[[1m^[[94m|^[[0m                          ^[[1m^[[91m^^^^^^^^^^^^[[0m ^[[1m^[[91mvalue used here after move^[[0m
build	Build	2026-06-25T13:35:34.0156778Z     ^[[1m^[[94m|^[[0m
build	Build	2026-06-25T13:35:34.0157467Z     ^[[1m^[[94m= ^[[0m^[[1mnote^[[0m: move occurs because `request.did` has type `soroban_sdk::Bytes`, which does not implement the `Copy` trait
build	Build	2026-06-25T13:35:34.0157952Z 
build	Build	2026-06-25T13:35:34.0439250Z ^[[1m^[[91merror[E0382]^[[0m^[[1m: use of moved value: `controller`^[[0m
build	Build	2026-06-25T13:35:34.0440422Z ##[error]   ^[[1m^[[94m--> ^[[0msrc/did_registry.rs:122:67
build	Build	2026-06-25T13:35:34.0441323Z     ^[[1m^[[94m|^[[0m
build	Build	2026-06-25T13:35:34.0441694Z ^[[1m^[[94m 72^[[0m ^[[1m^[[94m|^[[0m         controller: Address,
build	Build	2026-06-25T13:35:34.0442629Z     ^[[1m^[[94m|^[[0m         ^[[1m^[[94m----------^[[0m ^[[1m^[[94mmove occurs because `controller` has type `soroban_sdk::Address`, which does not implement the `Copy` trait^[[0m
build	Build	2026-06-25T13:35:34.0443295Z ^[[1m^[[94m...^[[0m
build	Build	2026-06-25T13:35:34.0443747Z ^[[1m^[[94m119^[[0m ^[[1m^[[94m|^[[0m             .set(&DidKey::Controller(controller), &did_id);
build	Build	2026-06-25T13:35:34.0444569Z     ^[[1m^[[94m|^[[0m                                      ^[[1m^[[94m----------^[[0m ^[[1m^[[94mvalue moved here^[[0m
build	Build	2026-06-25T13:35:34.0445032Z ^[[1m^[[94m...^[[0m
build	Build	2026-06-25T13:35:34.0445572Z ^[[1m^[[94m122^[[0m ^[[1m^[[94m|^[[0m             .publish((Symbol::new(&env, "DIDCreated"),), (did_id, controller));
build	Build	2026-06-25T13:35:34.0446269Z     ^[[1m^[[94m|^[[0m                                                                   ^[[1m^[[91m^^^^^^^^^^^[[0m ^[[1m^[[91mvalue used here after move^[[0m
build	Build	2026-06-25T13:35:34.0446732Z     ^[[1m^[[94m|^[[0m
build	Build	2026-06-25T13:35:34.0447156Z ^[[1m^[[96mhelp^[[0m: consider cloning the value if the performance cost is acceptable
build	Build	2026-06-25T13:35:34.0447595Z     ^[[1m^[[94m|^[[0m
build	Build	2026-06-25T13:35:34.0448312Z ^[[1m^[[94m119^[[0m ^[[1m^[[94m| ^[[0m            .set(&DidKey::Controller(controller^[[92m.clone()^[[0m), &did_id);
build	Build	2026-06-25T13:35:34.0448852Z     ^[[1m^[[94m|^[[0m                                                ^[[92m++++++++^[[0m
build	Build	2026-06-25T13:35:34.0449106Z 
build	Build	2026-06-25T13:35:34.0452598Z ^[[1m^[[91merror[E0382]^[[0m^[[1m: use of moved value: `did`^[[0m
build	Build	2026-06-25T13:35:34.0453361Z ##[error]   ^[[1m^[[94m--> ^[[0msrc/did_registry.rs:169:59
build	Build	2026-06-25T13:35:34.0454123Z     ^[[1m^[[94m|^[[0m
build	Build	2026-06-25T13:35:34.0454671Z ^[[1m^[[94m142^[[0m ^[[1m^[[94m|^[[0m         let did: Bytes = env
build	Build	2026-06-25T13:35:34.0455501Z     ^[[1m^[[94m|^[[0m             ^[[1m^[[94m---^[[0m ^[[1m^[[94mmove occurs because `did` has type `soroban_sdk::Bytes`, which does not implement the `Copy` trait^[[0m
build	Build	2026-06-25T13:35:34.0456099Z ^[[1m^[[94m...^[[0m
build	Build	2026-06-25T13:35:34.0456572Z ^[[1m^[[94m166^[[0m ^[[1m^[[94m|^[[0m         env.storage().persistent().set(&DidKey::Doc(did), &doc);
build	Build	2026-06-25T13:35:34.0457180Z     ^[[1m^[[94m|^[[0m                                                     ^[[1m^[[94m---^[[0m ^[[1m^[[94mvalue moved here^[[0m
build	Build	2026-06-25T13:35:34.0457601Z ^[[1m^[[94m...^[[0m
build	Build	2026-06-25T13:35:34.0458089Z ^[[1m^[[94m169^[[0m ^[[1m^[[94m|^[[0m             .publish((Symbol::new(&env, "DIDUpdated"),), (did, controller));
build	Build	2026-06-25T13:35:34.0458742Z     ^[[1m^[[94m|^[[0m                                                           ^[[1m^[[91m^^^^[[0m ^[[1m^[[91mvalue used here after move^[[0m
build	Build	2026-06-25T13:35:34.0459210Z     ^[[1m^[[94m|^[[0m
build	Build	2026-06-25T13:35:34.0459900Z ^[[1m^[[96mhelp^[[0m: consider cloning the value if the performance cost is acceptable
build	Build	2026-06-25T13:35:34.0460491Z     ^[[1m^[[94m|^[[0m
build	Build	2026-06-25T13:35:34.0461056Z ^[[1m^[[94m166^[[0m ^[[1m^[[94m| ^[[0m        env.storage().persistent().set(&DidKey::Doc(did^[[92m.clone()^[[0m), &doc);
build	Build	2026-06-25T13:35:34.0461654Z     ^[[1m^[[94m|^[[0m                                                        ^[[92m++++++++^[[0m
build	Build	2026-06-25T13:35:34.0462105Z 
build	Build	2026-06-25T13:35:34.0462374Z ^[[1m^[[91merror[E0382]^[[0m^[[1m: use of moved value: `did`^[[0m
build	Build	2026-06-25T13:35:34.0463040Z ##[error]   ^[[1m^[[94m--> ^[[0msrc/did_registry.rs:198:63
build	Build	2026-06-25T13:35:34.0463784Z     ^[[1m^[[94m|^[[0m
build	Build	2026-06-25T13:35:34.0464103Z ^[[1m^[[94m177^[[0m ^[[1m^[[94m|^[[0m         let did: Bytes = env
build	Build	2026-06-25T13:35:34.0465248Z     ^[[1m^[[94m|^[[0m             ^[[1m^[[94m---^[[0m ^[[1m^[[94mmove occurs because `did` has type `soroban_sdk::Bytes`, which does not implement the `Copy` trait^[[0m
build	Build	2026-06-25T13:35:34.0465864Z ^[[1m^[[94m...^[[0m
build	Build	2026-06-25T13:35:34.0466325Z ^[[1m^[[94m195^[[0m ^[[1m^[[94m|^[[0m         env.storage().persistent().set(&DidKey::Doc(did), &doc);
build	Build	2026-06-25T13:35:34.0466924Z     ^[[1m^[[94m|^[[0m                                                     ^[[1m^[[94m---^[[0m ^[[1m^[[94mvalue moved here^[[0m
build	Build	2026-06-25T13:35:34.0467328Z ^[[1m^[[94m...^[[0m
build	Build	2026-06-25T13:35:34.0467836Z ^[[1m^[[94m198^[[0m ^[[1m^[[94m|^[[0m             .publish((Symbol::new(&env, "DIDDeactivated"),), (did, controller));
build	Build	2026-06-25T13:35:34.0468515Z     ^[[1m^[[94m|^[[0m                                                               ^[[1m^[[91m^^^^[[0m ^[[1m^[[91mvalue used here after move^[[0m
build	Build	2026-06-25T13:35:34.0468964Z     ^[[1m^[[94m|^[[0m
build	Build	2026-06-25T13:35:34.0469378Z ^[[1m^[[96mhelp^[[0m: consider cloning the value if the performance cost is acceptable
build	Build	2026-06-25T13:35:34.0469801Z     ^[[1m^[[94m|^[[0m
build	Build	2026-06-25T13:35:34.0470315Z ^[[1m^[[94m195^[[0m ^[[1m^[[94m| ^[[0m        env.storage().persistent().set(&DidKey::Doc(did^[[92m.clone()^[[0m), &doc);
build	Build	2026-06-25T13:35:34.0470892Z     ^[[1m^[[94m|^[[0m                                                        ^[[92m++++++++^[[0m
build	Build	2026-06-25T13:35:34.0471152Z 
build	Build	2026-06-25T13:35:34.0555265Z ^[[1m^[[91merror[E0382]^[[0m^[[1m: use of moved value: `operation_id`^[[0m
build	Build	2026-06-25T13:35:34.0556487Z ##[error]   ^[[1m^[[94m--> ^[[0msrc/did_registry.rs:622:14
build	Build	2026-06-25T13:35:34.0557719Z     ^[[1m^[[94m|^[[0m
build	Build	2026-06-25T13:35:34.0558098Z ^[[1m^[[94m578^[[0m ^[[1m^[[94m|^[[0m         operation_id: Bytes,
build	Build	2026-06-25T13:35:34.0559022Z     ^[[1m^[[94m|^[[0m         ^[[1m^[[94m------------^[[0m ^[[1m^[[94mmove occurs because `operation_id` has type `soroban_sdk::Bytes`, which does not implement the `Copy` trait^[[0m
build	Build	2026-06-25T13:35:34.0559965Z ^[[1m^[[94m...^[[0m
build	Build	2026-06-25T13:35:34.0560446Z ^[[1m^[[94m618^[[0m ^[[1m^[[94m|^[[0m             .set(&DidKey::Operation(operation_id), &operation);
build	Build	2026-06-25T13:35:34.0561051Z     ^[[1m^[[94m|^[[0m                                     ^[[1m^[[94m------------^[[0m ^[[1m^[[94mvalue moved here^[[0m
build	Build	2026-06-25T13:35:34.0561477Z ^[[1m^[[94m...^[[0m
build	Build	2026-06-25T13:35:34.0561818Z ^[[1m^[[94m622^[[0m ^[[1m^[[94m|^[[0m             (operation_id, signer),
build	Build	2026-06-25T13:35:34.0562315Z     ^[[1m^[[94m|^[[0m              ^[[1m^[[91m^^^^^^^^^^^^^[[0m ^[[1m^[[91mvalue used here after move^[[0m
build	Build	2026-06-25T13:35:34.0562711Z     ^[[1m^[[94m|^[[0m
build	Build	2026-06-25T13:35:34.0563133Z ^[[1m^[[96mhelp^[[0m: consider cloning the value if the performance cost is acceptable
build	Build	2026-06-25T13:35:34.0563552Z     ^[[1m^[[94m|^[[0m
build	Build	2026-06-25T13:35:34.0564052Z ^[[1m^[[94m618^[[0m ^[[1m^[[94m| ^[[0m            .set(&DidKey::Operation(operation_id^[[92m.clone()^[[0m), &operation);
build	Build	2026-06-25T13:35:34.0564875Z     ^[[1m^[[94m|^[[0m                                                 ^[[92m++++++++^[[0m
build	Build	2026-06-25T13:35:34.0565126Z 
build	Build	2026-06-25T13:35:34.0565409Z ^[[1m^[[91merror[E0382]^[[0m^[[1m: use of moved value: `signer`^[[0m
build	Build	2026-06-25T13:35:34.0566081Z ##[error]   ^[[1m^[[94m--> ^[[0msrc/did_registry.rs:622:28
build	Build	2026-06-25T13:35:34.0566843Z     ^[[1m^[[94m|^[[0m
build	Build	2026-06-25T13:35:34.0567169Z ^[[1m^[[94m577^[[0m ^[[1m^[[94m|^[[0m         signer: Address,
build	Build	2026-06-25T13:35:34.0567979Z     ^[[1m^[[94m|^[[0m         ^[[1m^[[94m------^[[0m ^[[1m^[[94mmove occurs because `signer` has type `soroban_sdk::Address`, which does not implement the `Copy` trait^[[0m
build	Build	2026-06-25T13:35:34.0568592Z ^[[1m^[[94m...^[[0m
build	Build	2026-06-25T13:35:34.0569119Z ^[[1m^[[94m615^[[0m ^[[1m^[[94m|^[[0m         operation.approvals.push_back(signer);
build	Build	2026-06-25T13:35:34.0569998Z     ^[[1m^[[94m|^[[0m                                       ^[[1m^[[94m------^[[0m ^[[1m^[[94mvalue moved here^[[0m
build	Build	2026-06-25T13:35:34.0570841Z ^[[1m^[[94m...^[[0m
build	Build	2026-06-25T13:35:34.0585563Z ^[[1m^[[94m622^[[0m ^[[1m^[[94m|^[[0m             (operation_id, signer),
build	Build	2026-06-25T13:35:34.0586448Z     ^[[1m^[[94m|^[[0m                            ^[[1m^[[91m^^^^^^^[[0m ^[[1m^[[91mvalue used here after move^[[0m
build	Build	2026-06-25T13:35:34.0586872Z     ^[[1m^[[94m|^[[0m
build	Build	2026-06-25T13:35:34.0587313Z ^[[1m^[[96mhelp^[[0m: consider cloning the value if the performance cost is acceptable
build	Build	2026-06-25T13:35:34.0587755Z     ^[[1m^[[94m|^[[0m
build	Build	2026-06-25T13:35:34.0588192Z ^[[1m^[[94m615^[[0m ^[[1m^[[94m| ^[[0m        operation.approvals.push_back(signer^[[92m.clone()^[[0m);
build	Build	2026-06-25T13:35:34.0588815Z     ^[[1m^[[94m|^[[0m                                             ^[[92m++++++++^[[0m
build	Build	2026-06-25T13:35:34.0589173Z 
build	Build	2026-06-25T13:35:34.0589406Z ^[[1m^[[91merror^[[0m^[[1m: unused variable: `did`^[[0m
build	Build	2026-06-25T13:35:34.0590142Z ##[error]   ^[[1m^[[94m--> ^[[0msrc/did_registry.rs:681:41
build	Build	2026-06-25T13:35:34.0590912Z     ^[[1m^[[94m|^[[0m
build	Build	2026-06-25T13:35:34.0591378Z ^[[1m^[[94m681^[[0m ^[[1m^[[94m|^[[0m     fn generate_operation_id(env: &Env, did: &Bytes) -> Bytes {
build	Build	2026-06-25T13:35:34.0592131Z     ^[[1m^[[94m|^[[0m                                         ^[[1m^[[91m^^^^[[0m ^[[1m^[[91mhelp: if this is intentional, prefix it with an underscore: `_did`^[[0m
build	Build	2026-06-25T13:35:34.0592553Z 
build	Build	2026-06-25T13:35:34.1027951Z ^[[1m^[[91merror[E0382]^[[0m^[[1m: use of moved value: `subject`^[[0m
build	Build	2026-06-25T13:35:34.1029399Z ##[error]   ^[[1m^[[94m--> ^[[0msrc/reputation_oracle.rs:325:39
build	Build	2026-06-25T13:35:34.1030669Z     ^[[1m^[[94m|^[[0m
build	Build	2026-06-25T13:35:34.1031107Z ^[[1m^[[94m242^[[0m ^[[1m^[[94m|^[[0m         subject: Address,
build	Build	2026-06-25T13:35:34.1032043Z     ^[[1m^[[94m|^[[0m         ^[[1m^[[94m-------^[[0m ^[[1m^[[94mmove occurs because `subject` has type `soroban_sdk::Address`, which does not implement the `Copy` trait^[[0m
build	Build	2026-06-25T13:35:34.1032704Z ^[[1m^[[94m...^[[0m
build	Build	2026-06-25T13:35:34.1033196Z ^[[1m^[[94m314^[[0m ^[[1m^[[94m|^[[0m             .set(&OracleKey::SubjectFeeds(subject), &subject_feeds);
build	Build	2026-06-25T13:35:34.1033834Z     ^[[1m^[[94m|^[[0m                                           ^[[1m^[[94m-------^[[0m ^[[1m^[[94mvalue moved here^[[0m
build	Build	2026-06-25T13:35:34.1034794Z ^[[1m^[[94m...^[[0m
build	Build	2026-06-25T13:35:34.1035204Z ^[[1m^[[94m325^[[0m ^[[1m^[[94m|^[[0m             (feed_id.clone(), oracle, subject, data_type),
build	Build	2026-06-25T13:35:34.1035803Z     ^[[1m^[[94m|^[[0m                                       ^[[1m^[[91m^^^^^^^^[[0m ^[[1m^[[91mvalue used here after move^[[0m
build	Build	2026-06-25T13:35:34.1036222Z     ^[[1m^[[94m|^[[0m
build	Build	2026-06-25T13:35:34.1036658Z ^[[1m^[[96mhelp^[[0m: consider cloning the value if the performance cost is acceptable
build	Build	2026-06-25T13:35:34.1037086Z     ^[[1m^[[94m|^[[0m
build	Build	2026-06-25T13:35:34.1037613Z ^[[1m^[[94m314^[[0m ^[[1m^[[94m| ^[[0m            .set(&OracleKey::SubjectFeeds(subject^[[92m.clone()^[[0m), &subject_feeds);
build	Build	2026-06-25T13:35:34.1038182Z     ^[[1m^[[94m|^[[0m                                                  ^[[92m++++++++^[[0m
build	Build	2026-06-25T13:35:34.1038422Z 
build	Build	2026-06-25T13:35:34.3772729Z ^[[1mSome errors have detailed explanations: E0277, E0382, E0425, E0432, E0433, E0599.^[[0m
build	Build	2026-06-25T13:35:34.3773529Z ^[[1mFor more information about an error, try `rustc --explain E0277`.^[[0m
build	Build	2026-06-25T13:35:34.4165276Z ^[[1m^[[91merror^[[0m: could not compile `stellar-identity-credentials-sdk` (lib) due to 41 previous errors
build	Build	2026-06-25T13:35:34.4343016Z ##[error]Process completed with exit code 101.
clippy	Check clippy	﻿2026-06-25T13:35:05.2951594Z ##[group]Run cargo clippy -- -D warnings
clippy	Check clippy	2026-06-25T13:35:05.2951969Z ^[[36;1mcargo clippy -- -D warnings^[[0m
clippy	Check clippy	2026-06-25T13:35:05.2983705Z shell: /usr/bin/bash -e {0}
clippy	Check clippy	2026-06-25T13:35:05.2983965Z env:
clippy	Check clippy	2026-06-25T13:35:05.2984169Z   CARGO_TERM_COLOR: always
clippy	Check clippy	2026-06-25T13:35:05.2984411Z   CARGO_INCREMENTAL: 0
clippy	Check clippy	2026-06-25T13:35:05.2984637Z   CARGO_PROFILE_DEV_DEBUG: 0
clippy	Check clippy	2026-06-25T13:35:05.2984879Z   RUST_BACKTRACE: short
clippy	Check clippy	2026-06-25T13:35:05.2985100Z   RUSTFLAGS: -D warnings
clippy	Check clippy	2026-06-25T13:35:05.2985344Z   CARGO_UNSTABLE_SPARSE_REGISTRY: true
clippy	Check clippy	2026-06-25T13:35:05.2985639Z   CARGO_REGISTRIES_CRATES_IO_PROTOCOL: sparse
clippy	Check clippy	2026-06-25T13:35:05.2985926Z   CACHE_ON_FAILURE: true
clippy	Check clippy	2026-06-25T13:35:05.2986161Z ##[endgroup]
clippy	Check clippy	2026-06-25T13:35:06.6301546Z ^[[1m^[[92m    Updating^[[0m crates.io index
clippy	Check clippy	2026-06-25T13:35:07.7189275Z ^[[1m^[[92m    Checking^[[0m stellar-identity-credentials-sdk v0.1.0 (/home/runner/work/stellar-identity-credentials-sdk/stellar-identity-credentials-sdk)
clippy	Check clippy	2026-06-25T13:35:13.2003088Z ^[[1m^[[91merror^[[0m^[[1m: unsupported type^[[0m
clippy	Check clippy	2026-06-25T13:35:13.2025101Z ##[error]   ^[[1m^[[94m--> ^[[0msrc/reputation_score.rs:526:18
clippy	Check clippy	2026-06-25T13:35:13.2032338Z     ^[[1m^[[94m|^[[0m
clippy	Check clippy	2026-06-25T13:35:13.2032716Z ^[[1m^[[94m526^[[0m ^[[1m^[[94m|^[[0m         address: &Address,
clippy	Check clippy	2026-06-25T13:35:13.2033118Z     ^[[1m^[[94m|^[[0m                  ^[[1m^[[91m^^[[0m
clippy	Check clippy	2026-06-25T13:35:13.2033335Z 
clippy	Check clippy	2026-06-25T13:35:14.8165006Z ^[[1m^[[91merror[E0432]^[[0m^[[1m: unresolved import `zk_attestation::ZKAttestation`^[[0m
clippy	Check clippy	2026-06-25T13:35:14.8166904Z ##[error]  ^[[1m^[[94m--> ^[[0msrc/lib.rs:51:9
clippy	Check clippy	2026-06-25T13:35:14.8168387Z    ^[[1m^[[94m|^[[0m
clippy	Check clippy	2026-06-25T13:35:14.8168897Z ^[[1m^[[94m51^[[0m ^[[1m^[[94m|^[[0m pub use zk_attestation::ZKAttestation;
clippy	Check clippy	2026-06-25T13:35:14.8169890Z    ^[[1m^[[94m|^[[0m         ^[[1m^[[91m^^^^^^^^^^^^^^^^^^^^^^^^^^^^^^[[0m ^[[1m^[[91mno `ZKAttestation` in `zk_attestation`^[[0m
clippy	Check clippy	2026-06-25T13:35:14.8170305Z 
clippy	Check clippy	2026-06-25T13:35:14.8243915Z ^[[1m^[[91merror[E0432]^[[0m^[[1m: unresolved import `crate::credential_schema`^[[0m
clippy	Check clippy	2026-06-25T13:35:14.8245546Z ##[error]   ^[[1m^[[94m--> ^[[0msrc/credential_issuer.rs:207:20
clippy	Check clippy	2026-06-25T13:35:14.8247134Z     ^[[1m^[[94m|^[[0m
clippy	Check clippy	2026-06-25T13:35:14.8247689Z ^[[1m^[[94m207^[[0m ^[[1m^[[94m|^[[0m         use crate::credential_schema::CredentialSchema;
clippy	Check clippy	2026-06-25T13:35:14.8248756Z     ^[[1m^[[94m|^[[0m                    ^[[1m^[[91m^^^^^^^^^^^^^^^^^^[[0m ^[[1m^[[91mcould not find `credential_schema` in the crate root^[[0m
clippy	Check clippy	2026-06-25T13:35:14.8249217Z 
clippy	Check clippy	2026-06-25T13:35:15.4249786Z ^[[1m^[[91merror[E0425]^[[0m^[[1m: cannot find type `ZKAttestation` in this scope^[[0m
clippy	Check clippy	2026-06-25T13:35:15.4251585Z ##[error]   ^[[1m^[[94m--> ^[[0msrc/zk_attestation.rs:106:6
clippy	Check clippy	2026-06-25T13:35:15.4253264Z     ^[[1m^[[94m|^[[0m
clippy	Check clippy	2026-06-25T13:35:15.4253844Z ^[[1m^[[94m106^[[0m ^[[1m^[[94m|^[[0m impl ZKAttestation {
clippy	Check clippy	2026-06-25T13:35:15.4254601Z     ^[[1m^[[94m|^[[0m      ^[[1m^[[91m^^^^^^^^^^^^^^[[0m ^[[1m^[[91mnot found in this scope^[[0m
clippy	Check clippy	2026-06-25T13:35:15.4255060Z 
clippy	Check clippy	2026-06-25T13:35:15.4382005Z ^[[1m^[[91merror[E0425]^[[0m^[[1m: cannot find type `BytesN` in this scope^[[0m
clippy	Check clippy	2026-06-25T13:35:15.4383695Z ##[error]   ^[[1m^[[94m--> ^[[0msrc/zk_attestation.rs:427:25
clippy	Check clippy	2026-06-25T13:35:15.4386327Z     ^[[1m^[[94m|^[[0m
clippy	Check clippy	2026-06-25T13:35:15.4386998Z ^[[1m^[[94m427^[[0m ^[[1m^[[94m|^[[0m         let hash_bytes: BytesN<32> = hash.into();
clippy	Check clippy	2026-06-25T13:35:15.4388054Z     ^[[1m^[[94m|^[[0m                         ^[[1m^[[91m^^^^^^^[[0m
clippy	Check clippy	2026-06-25T13:35:15.4388643Z     ^[[1m^[[94m|^[[0m
clippy	Check clippy	2026-06-25T13:35:15.4389741Z    ^[[1m^[[94m::: ^[[0m/home/runner/.cargo/registry/src/index.crates.io-1949cf8c6b5b557f/soroban-sdk-22.0.11/src/bytes.rs:254:1
clippy	Check clippy	2026-06-25T13:35:15.4390703Z     ^[[1m^[[94m|^[[0m
clippy	Check clippy	2026-06-25T13:35:15.4391151Z ^[[1m^[[94m254^[[0m ^[[1m^[[94m|^[[0m pub struct Bytes {
clippy	Check clippy	2026-06-25T13:35:15.4392008Z     ^[[1m^[[94m|^[[0m ^[[1m^[[94m----------------^[[0m ^[[1m^[[94msimilarly named struct `Bytes` defined here^[[0m
clippy	Check clippy	2026-06-25T13:35:15.4392756Z     ^[[1m^[[94m|^[[0m
clippy	Check clippy	2026-06-25T13:35:15.4393231Z ^[[1m^[[96mhelp^[[0m: a struct with a similar name exists
clippy	Check clippy	2026-06-25T13:35:15.4393786Z     ^[[1m^[[94m|^[[0m
clippy	Check clippy	2026-06-25T13:35:15.4394403Z ^[[1m^[[94m427^[[0m ^[[91m- ^[[0m        let hash_bytes: ^[[91mBytesN^[[0m<32> = hash.into();
clippy	Check clippy	2026-06-25T13:35:15.4395776Z ^[[1m^[[94m427^[[0m ^[[92m+ ^[[0m        let hash_bytes: ^[[92mBytes^[[0m<32> = hash.into();
clippy	Check clippy	2026-06-25T13:35:15.4396398Z     ^[[1m^[[94m|^[[0m
clippy	Check clippy	2026-06-25T13:35:15.4396588Z 
clippy	Check clippy	2026-06-25T13:35:15.4402407Z ^[[1m^[[91merror[E0425]^[[0m^[[1m: cannot find type `BytesN` in this scope^[[0m
clippy	Check clippy	2026-06-25T13:35:15.4404153Z ##[error]   ^[[1m^[[94m--> ^[[0msrc/zk_attestation.rs:433:25
clippy	Check clippy	2026-06-25T13:35:15.4406082Z     ^[[1m^[[94m|^[[0m
clippy	Check clippy	2026-06-25T13:35:15.4406909Z ^[[1m^[[94m433^[[0m ^[[1m^[[94m|^[[0m         let hash_bytes: BytesN<32> = hash.into();
clippy	Check clippy	2026-06-25T13:35:15.4408109Z     ^[[1m^[[94m|^[[0m                         ^[[1m^[[91m^^^^^^^[[0m
clippy	Check clippy	2026-06-25T13:35:15.4408851Z     ^[[1m^[[94m|^[[0m
clippy	Check clippy	2026-06-25T13:35:15.4410104Z    ^[[1m^[[94m::: ^[[0m/home/runner/.cargo/registry/src/index.crates.io-1949cf8c6b5b557f/soroban-sdk-22.0.11/src/bytes.rs:254:1
clippy	Check clippy	2026-06-25T13:35:15.4411275Z     ^[[1m^[[94m|^[[0m
clippy	Check clippy	2026-06-25T13:35:15.4411874Z ^[[1m^[[94m254^[[0m ^[[1m^[[94m|^[[0m pub struct Bytes {
clippy	Check clippy	2026-06-25T13:35:15.4412930Z     ^[[1m^[[94m|^[[0m ^[[1m^[[94m----------------^[[0m ^[[1m^[[94msimilarly named struct `Bytes` defined here^[[0m
clippy	Check clippy	2026-06-25T13:35:15.4413903Z     ^[[1m^[[94m|^[[0m
clippy	Check clippy	2026-06-25T13:35:15.4414689Z ^[[1m^[[96mhelp^[[0m: a struct with a similar name exists
clippy	Check clippy	2026-06-25T13:35:15.4415907Z     ^[[1m^[[94m|^[[0m
clippy	Check clippy	2026-06-25T13:35:15.4417237Z ^[[1m^[[94m433^[[0m ^[[91m- ^[[0m        let hash_bytes: ^[[91mBytesN^[[0m<32> = hash.into();
clippy	Check clippy	2026-06-25T13:35:15.4419374Z ^[[1m^[[94m433^[[0m ^[[92m+ ^[[0m        let hash_bytes: ^[[92mBytes^[[0m<32> = hash.into();
clippy	Check clippy	2026-06-25T13:35:15.4420819Z     ^[[1m^[[94m|^[[0m
clippy	Check clippy	2026-06-25T13:35:15.4421299Z 
clippy	Check clippy	2026-06-25T13:35:15.4422629Z ^[[1m^[[91merror[E0425]^[[0m^[[1m: cannot find type `BytesN` in this scope^[[0m
clippy	Check clippy	2026-06-25T13:35:15.4425027Z ##[error]   ^[[1m^[[94m--> ^[[0msrc/zk_attestation.rs:446:25
clippy	Check clippy	2026-06-25T13:35:15.4427030Z     ^[[1m^[[94m|^[[0m
clippy	Check clippy	2026-06-25T13:35:15.4427667Z ^[[1m^[[94m446^[[0m ^[[1m^[[94m|^[[0m         let hash_bytes: BytesN<32> = hash.into();
clippy	Check clippy	2026-06-25T13:35:15.4428956Z     ^[[1m^[[94m|^[[0m                         ^[[1m^[[91m^^^^^^^[[0m
clippy	Check clippy	2026-06-25T13:35:15.4429575Z     ^[[1m^[[94m|^[[0m
clippy	Check clippy	2026-06-25T13:35:15.4430416Z    ^[[1m^[[94m::: ^[[0m/home/runner/.cargo/registry/src/index.crates.io-1949cf8c6b5b557f/soroban-sdk-22.0.11/src/bytes.rs:254:1
clippy	Check clippy	2026-06-25T13:35:15.4431339Z     ^[[1m^[[94m|^[[0m
clippy	Check clippy	2026-06-25T13:35:15.4431766Z ^[[1m^[[94m254^[[0m ^[[1m^[[94m|^[[0m pub struct Bytes {
clippy	Check clippy	2026-06-25T13:35:15.4487306Z     ^[[1m^[[94m|^[[0m ^[[1m^[[94m----------------^[[0m ^[[1m^[[94msimilarly named struct `Bytes` defined here^[[0m
clippy	Check clippy	2026-06-25T13:35:15.4488324Z     ^[[1m^[[94m|^[[0m
clippy	Check clippy	2026-06-25T13:35:15.4488668Z ^[[1m^[[96mhelp^[[0m: a struct with a similar name exists
clippy	Check clippy	2026-06-25T13:35:15.4489006Z     ^[[1m^[[94m|^[[0m
clippy	Check clippy	2026-06-25T13:35:15.4489445Z ^[[1m^[[94m446^[[0m ^[[91m- ^[[0m        let hash_bytes: ^[[91mBytesN^[[0m<32> = hash.into();
clippy	Check clippy	2026-06-25T13:35:15.4489985Z ^[[1m^[[94m446^[[0m ^[[92m+ ^[[0m        let hash_bytes: ^[[92mBytes^[[0m<32> = hash.into();
clippy	Check clippy	2026-06-25T13:35:15.4490362Z     ^[[1m^[[94m|^[[0m
clippy	Check clippy	2026-06-25T13:35:15.4490480Z 
clippy	Check clippy	2026-06-25T13:35:15.4522809Z ^[[1m^[[91merror[E0425]^[[0m^[[1m: cannot find type `ZKAttestation` in this scope^[[0m
clippy	Check clippy	2026-06-25T13:35:15.4523953Z ##[error]   ^[[1m^[[94m--> ^[[0msrc/zk_attestation.rs:105:1
clippy	Check clippy	2026-06-25T13:35:15.4524929Z     ^[[1m^[[94m|^[[0m
clippy	Check clippy	2026-06-25T13:35:15.4525240Z ^[[1m^[[94m105^[[0m ^[[1m^[[94m|^[[0m #[contractimpl]
clippy	Check clippy	2026-06-25T13:35:15.4525688Z     ^[[1m^[[94m|^[[0m ^[[1m^[[91m^^^^^^^^^^^^^^^^[[0m ^[[1m^[[91mnot found in this scope^[[0m
clippy	Check clippy	2026-06-25T13:35:15.4526075Z     ^[[1m^[[94m|^[[0m
clippy	Check clippy	2026-06-25T13:35:15.4526757Z     ^[[1m^[[94m= ^[[0m^[[1mnote^[[0m: this error originates in the attribute macro `contractimpl` (in Nightly builds, run with -Z macro-backtrace for more info)
clippy	Check clippy	2026-06-25T13:35:15.4527319Z 
clippy	Check clippy	2026-06-25T13:35:15.4609986Z ^[[1m^[[91merror[E0425]^[[0m^[[1m: cannot find type `ZKAttestationClient` in this scope^[[0m
clippy	Check clippy	2026-06-25T13:35:15.4611346Z ##[error]   ^[[1m^[[94m--> ^[[0msrc/zk_attestation.rs:105:1
clippy	Check clippy	2026-06-25T13:35:15.4612488Z     ^[[1m^[[94m|^[[0m
clippy	Check clippy	2026-06-25T13:35:15.4612942Z ^[[1m^[[94m103^[[0m ^[[1m^[[94m|^[[0m pub struct ZKAttestationContract;
clippy	Check clippy	2026-06-25T13:35:15.4613886Z     ^[[1m^[[94m|^[[0m ^[[1m^[[94m---------------------------------^[[0m ^[[1m^[[94msimilarly named struct `ZKAttestationContract` defined here^[[0m
clippy	Check clippy	2026-06-25T13:35:15.4614886Z ^[[1m^[[94m104^[[0m ^[[1m^[[94m|^[[0m
clippy	Check clippy	2026-06-25T13:35:15.4615262Z ^[[1m^[[94m105^[[0m ^[[1m^[[94m|^[[0m #[contractimpl]
clippy	Check clippy	2026-06-25T13:35:15.4615858Z     ^[[1m^[[94m|^[[0m ^[[1m^[[91m^^^^^^^^^^^^^^^^[[0m
clippy	Check clippy	2026-06-25T13:35:15.4616448Z     ^[[1m^[[94m|^[[0m
clippy	Check clippy	2026-06-25T13:35:15.4618243Z     ^[[1m^[[94m= ^[[0m^[[1mnote^[[0m: this error originates in the attribute macro `soroban_sdk::contractclient` (in Nightly builds, run with -Z macro-backtrace for more info)
clippy	Check clippy	2026-06-25T13:35:15.4619776Z ^[[1m^[[96mhelp^[[0m: a struct with a similar name exists
clippy	Check clippy	2026-06-25T13:35:15.4620406Z     ^[[1m^[[94m|^[[0m
clippy	Check clippy	2026-06-25T13:35:15.4620766Z ^[[1m^[[94m105^[[0m ^[[91m- #[contractimpl]^[[0m
clippy	Check clippy	2026-06-25T13:35:15.4621203Z ^[[1m^[[94m105^[[0m ^[[92m+ ZKAttestationContract^[[0m
clippy	Check clippy	2026-06-25T13:35:15.4621583Z     ^[[1m^[[94m|^[[0m
clippy	Check clippy	2026-06-25T13:35:15.4621730Z 
clippy	Check clippy	2026-06-25T13:35:15.4622166Z ^[[1m^[[91merror[E0425]^[[0m^[[1m: cannot find type `ZKAttestationArgs` in this scope^[[0m
clippy	Check clippy	2026-06-25T13:35:15.4623144Z ##[error]   ^[[1m^[[94m--> ^[[0msrc/zk_attestation.rs:105:1
clippy	Check clippy	2026-06-25T13:35:15.4624279Z     ^[[1m^[[94m|^[[0m
clippy	Check clippy	2026-06-25T13:35:15.4624787Z ^[[1m^[[94m 25^[[0m ^[[1m^[[94m|^[[0m pub enum ZKAttestationError {
clippy	Check clippy	2026-06-25T13:35:15.4625957Z     ^[[1m^[[94m|^[[0m ^[[1m^[[94m---------------------------^[[0m ^[[1m^[[94msimilarly named enum `ZKAttestationError` defined here^[[0m
clippy	Check clippy	2026-06-25T13:35:15.4626789Z ^[[1m^[[94m...^[[0m
clippy	Check clippy	2026-06-25T13:35:15.4627077Z ^[[1m^[[94m105^[[0m ^[[1m^[[94m|^[[0m #[contractimpl]
clippy	Check clippy	2026-06-25T13:35:15.4627419Z     ^[[1m^[[94m|^[[0m ^[[1m^[[91m^^^^^^^^^^^^^^^^[[0m
clippy	Check clippy	2026-06-25T13:35:15.4627722Z     ^[[1m^[[94m|^[[0m
clippy	Check clippy	2026-06-25T13:35:15.4628992Z     ^[[1m^[[94m= ^[[0m^[[1mnote^[[0m: this error originates in the attribute macro `soroban_sdk::contractargs` (in Nightly builds, run with -Z macro-backtrace for more info)
clippy	Check clippy	2026-06-25T13:35:15.4629754Z ^[[1m^[[96mhelp^[[0m: an enum with a similar name exists
clippy	Check clippy	2026-06-25T13:35:15.4630093Z     ^[[1m^[[94m|^[[0m
clippy	Check clippy	2026-06-25T13:35:15.4630381Z ^[[1m^[[94m105^[[0m ^[[91m- #[contractimpl]^[[0m
clippy	Check clippy	2026-06-25T13:35:15.4630748Z ^[[1m^[[94m105^[[0m ^[[92m+ ZKAttestationError^[[0m
clippy	Check clippy	2026-06-25T13:35:15.4631069Z     ^[[1m^[[94m|^[[0m
clippy	Check clippy	2026-06-25T13:35:15.4631204Z 
clippy	Check clippy	2026-06-25T13:35:15.4631570Z ^[[1m^[[91merror[E0425]^[[0m^[[1m: cannot find type `ZKAttestation` in module `super`^[[0m
clippy	Check clippy	2026-06-25T13:35:15.4632558Z ##[error]   ^[[1m^[[94m--> ^[[0msrc/zk_attestation.rs:106:6
clippy	Check clippy	2026-06-25T13:35:15.4633505Z     ^[[1m^[[94m|^[[0m
clippy	Check clippy	2026-06-25T13:35:15.4633825Z ^[[1m^[[94m106^[[0m ^[[1m^[[94m|^[[0m impl ZKAttestation {
clippy	Check clippy	2026-06-25T13:35:15.4634279Z     ^[[1m^[[94m|^[[0m      ^[[1m^[[91m^^^^^^^^^^^^^^[[0m ^[[1m^[[91mnot found in `super`^[[0m
clippy	Check clippy	2026-06-25T13:35:15.4634549Z 
clippy	Check clippy	2026-06-25T13:35:16.0723929Z ^[[1m^[[91merror^[[0m^[[1m: unused import: `Vec`^[[0m
clippy	Check clippy	2026-06-25T13:35:16.0726021Z ##[error] ^[[1m^[[94m--> ^[[0msrc/schema_registry.rs:1:87
clippy	Check clippy	2026-06-25T13:35:16.0728569Z   ^[[1m^[[94m|^[[0m
clippy	Check clippy	2026-06-25T13:35:16.0730059Z ^[[1m^[[94m1^[[0m ^[[1m^[[94m|^[[0m use soroban_sdk::{contract, contracterror, contractimpl, Address, Bytes, Env, Symbol, Vec};
clippy	Check clippy	2026-06-25T13:35:16.0731664Z   ^[[1m^[[94m|^[[0m                                                                                       ^[[1m^[[91m^^^^[[0m
clippy	Check clippy	2026-06-25T13:35:16.0732660Z   ^[[1m^[[94m|^[[0m
clippy	Check clippy	2026-06-25T13:35:16.0733554Z   ^[[1m^[[94m= ^[[0m^[[1mnote^[[0m: `-D unused-imports` implied by `-D warnings`
clippy	Check clippy	2026-06-25T13:35:16.0734774Z   ^[[1m^[[94m= ^[[0m^[[1mhelp^[[0m: to override `-D warnings` add `#[allow(unused_imports)]`
clippy	Check clippy	2026-06-25T13:35:16.0735570Z 
clippy	Check clippy	2026-06-25T13:35:16.0754802Z ^[[1m^[[91merror^[[0m^[[1m: unused import: `symbol_short`^[[0m
clippy	Check clippy	2026-06-25T13:35:16.0756013Z ##[error] ^[[1m^[[94m--> ^[[0msrc/zk_attestation.rs:2:58
clippy	Check clippy	2026-06-25T13:35:16.0757440Z   ^[[1m^[[94m|^[[0m
clippy	Check clippy	2026-06-25T13:35:16.0758678Z ^[[1m^[[94m2^[[0m ^[[1m^[[94m|^[[0m     contract, contracterror, contractimpl, contracttype, symbol_short, Address, Bytes, Env, Map,
clippy	Check clippy	2026-06-25T13:35:16.0759884Z   ^[[1m^[[94m|^[[0m                                                          ^[[1m^[[91m^^^^^^^^^^^^^[[0m
clippy	Check clippy	2026-06-25T13:35:16.0760346Z 
clippy	Check clippy	2026-06-25T13:35:19.6684922Z ^[[1m^[[91merror[E0277]^[[0m^[[1m: the trait bound `soroban_sdk::Symbol: soroban_sdk::Topics` is not satisfied^[[0m
clippy	Check clippy	2026-06-25T13:35:19.6686812Z ##[error]   ^[[1m^[[94m--> ^[[0msrc/compliance_filter.rs:185:22
clippy	Check clippy	2026-06-25T13:35:19.6688307Z     ^[[1m^[[94m|^[[0m
clippy	Check clippy	2026-06-25T13:35:19.6688874Z ^[[1m^[[94m185^[[0m ^[[1m^[[94m|^[[0m             .publish(Symbol::new(&env, "oracle_reg"), oracle);
clippy	Check clippy	2026-06-25T13:35:19.6689973Z     ^[[1m^[[94m|^[[0m              ^[[1m^[[94m-------^[[0m ^[[1m^[[91m^^^^^^^^^^^^^^^^^^^^^^^^^^^^^^^^[[0m ^[[1m^[[91mthe trait `soroban_sdk::Topics` is not implemented for `soroban_sdk::Symbol`^[[0m
clippy	Check clippy	2026-06-25T13:35:19.6690759Z     ^[[1m^[[94m|^[[0m              ^[[1m^[[94m|^[[0m
clippy	Check clippy	2026-06-25T13:35:19.6691290Z     ^[[1m^[[94m|^[[0m              ^[[1m^[[94mrequired by a bound introduced by this call^[[0m
clippy	Check clippy	2026-06-25T13:35:19.6691758Z     ^[[1m^[[94m|^[[0m
clippy	Check clippy	2026-06-25T13:35:19.6692314Z     ^[[1m^[[94m= ^[[0m^[[1mhelp^[[0m: the following other types implement trait `soroban_sdk::Topics`:
clippy	Check clippy	2026-06-25T13:35:19.6692835Z               ()
clippy	Check clippy	2026-06-25T13:35:19.6693078Z               (T0, T1)
clippy	Check clippy	2026-06-25T13:35:19.6693332Z               (T0, T1, T2)
clippy	Check clippy	2026-06-25T13:35:19.6693596Z               (T0, T1, T2, T3)
clippy	Check clippy	2026-06-25T13:35:19.6693872Z               (T0, T1, T2, T3, T4)
clippy	Check clippy	2026-06-25T13:35:19.6694138Z               (T0, T1, T2, T3, T4, T5)
clippy	Check clippy	2026-06-25T13:35:19.6694401Z               (T0, T1, T2, T3, T4, T5, T6)
clippy	Check clippy	2026-06-25T13:35:19.6694676Z               (T0, T1, T2, T3, T4, T5, T6, T7)
clippy	Check clippy	2026-06-25T13:35:19.6694949Z             and 7 others
clippy	Check clippy	2026-06-25T13:35:19.6695402Z ^[[1m^[[92mnote^[[0m: required by a bound in `soroban_sdk::events::Events::publish`
clippy	Check clippy	2026-06-25T13:35:19.6696203Z    ^[[1m^[[94m--> ^[[0m/home/runner/.cargo/registry/src/index.crates.io-1949cf8c6b5b557f/soroban-sdk-22.0.11/src/events.rs:90:12
clippy	Check clippy	2026-06-25T13:35:19.6696981Z     ^[[1m^[[94m|^[[0m
clippy	Check clippy	2026-06-25T13:35:19.6697354Z ^[[1m^[[94m 88^[[0m ^[[1m^[[94m|^[[0m     pub fn publish<T, D>(&self, topics: T, data: D)
clippy	Check clippy	2026-06-25T13:35:19.6698113Z     ^[[1m^[[94m|^[[0m            ^[[1m^[[94m-------^[[0m ^[[1m^[[94mrequired by a bound in this associated function^[[0m
clippy	Check clippy	2026-06-25T13:35:19.6698619Z ^[[1m^[[94m 89^[[0m ^[[1m^[[94m|^[[0m     where
clippy	Check clippy	2026-06-25T13:35:19.6698962Z ^[[1m^[[94m 90^[[0m ^[[1m^[[94m|^[[0m         T: Topics,
clippy	Check clippy	2026-06-25T13:35:19.6699504Z     ^[[1m^[[94m|^[[0m            ^[[1m^[[92m^^^^^^^[[0m ^[[1m^[[92mrequired by this bound in `Events::publish`^[[0m
clippy	Check clippy	2026-06-25T13:35:19.6699980Z ^[[1m^[[96mhelp^[[0m: use a unary tuple instead
clippy	Check clippy	2026-06-25T13:35:19.6700290Z     ^[[1m^[[94m|^[[0m
clippy	Check clippy	2026-06-25T13:35:19.6700787Z ^[[1m^[[94m185^[[0m ^[[1m^[[94m| ^[[0m            .publish(^[[92m(^[[0mSymbol::new(&env, "oracle_reg")^[[92m,)^[[0m, oracle);
clippy	Check clippy	2026-06-25T13:35:19.6701377Z     ^[[1m^[[94m|^[[0m                      ^[[92m+^[[0m                               ^[[92m++^[[0m
clippy	Check clippy	2026-06-25T13:35:19.6701658Z 
clippy	Check clippy	2026-06-25T13:35:19.7134060Z ^[[1m^[[91merror[E0277]^[[0m^[[1m: the trait bound `soroban_sdk::Symbol: soroban_sdk::Topics` is not satisfied^[[0m
clippy	Check clippy	2026-06-25T13:35:19.7136286Z ##[error]   ^[[1m^[[94m--> ^[[0msrc/compliance_filter.rs:670:22
clippy	Check clippy	2026-06-25T13:35:19.7138360Z     ^[[1m^[[94m|^[[0m
clippy	Check clippy	2026-06-25T13:35:19.7139313Z ^[[1m^[[94m670^[[0m ^[[1m^[[94m|^[[0m             .publish(Symbol::new(&env, "rule_reg"), jurisdiction);
clippy	Check clippy	2026-06-25T13:35:19.7141016Z     ^[[1m^[[94m|^[[0m              ^[[1m^[[94m-------^[[0m ^[[1m^[[91m^^^^^^^^^^^^^^^^^^^^^^^^^^^^^^[[0m ^[[1m^[[91mthe trait `soroban_sdk::Topics` is not implemented for `soroban_sdk::Symbol`^[[0m
clippy	Check clippy	2026-06-25T13:35:19.7142245Z     ^[[1m^[[94m|^[[0m              ^[[1m^[[94m|^[[0m
clippy	Check clippy	2026-06-25T13:35:19.7143075Z     ^[[1m^[[94m|^[[0m              ^[[1m^[[94mrequired by a bound introduced by this call^[[0m
clippy	Check clippy	2026-06-25T13:35:19.7143822Z     ^[[1m^[[94m|^[[0m
clippy	Check clippy	2026-06-25T13:35:19.7144737Z     ^[[1m^[[94m= ^[[0m^[[1mhelp^[[0m: the following other types implement trait `soroban_sdk::Topics`:
clippy	Check clippy	2026-06-25T13:35:19.7145512Z               ()
clippy	Check clippy	2026-06-25T13:35:19.7145886Z               (T0, T1)
clippy	Check clippy	2026-06-25T13:35:19.7146264Z               (T0, T1, T2)
clippy	Check clippy	2026-06-25T13:35:19.7146612Z               (T0, T1, T2, T3)
clippy	Check clippy	2026-06-25T13:35:19.7146975Z               (T0, T1, T2, T3, T4)
clippy	Check clippy	2026-06-25T13:35:19.7147365Z               (T0, T1, T2, T3, T4, T5)
clippy	Check clippy	2026-06-25T13:35:19.7148423Z               (T0, T1, T2, T3, T4, T5, T6)
clippy	Check clippy	2026-06-25T13:35:19.7148937Z               (T0, T1, T2, T3, T4, T5, T6, T7)
clippy	Check clippy	2026-06-25T13:35:19.7149397Z             and 7 others
clippy	Check clippy	2026-06-25T13:35:19.7150275Z ^[[1m^[[92mnote^[[0m: required by a bound in `soroban_sdk::events::Events::publish`
clippy	Check clippy	2026-06-25T13:35:19.7151079Z    ^[[1m^[[94m--> ^[[0m/home/runner/.cargo/registry/src/index.crates.io-1949cf8c6b5b557f/soroban-sdk-22.0.11/src/events.rs:90:12
clippy	Check clippy	2026-06-25T13:35:19.7151665Z     ^[[1m^[[94m|^[[0m
clippy	Check clippy	2026-06-25T13:35:19.7152042Z ^[[1m^[[94m 88^[[0m ^[[1m^[[94m|^[[0m     pub fn publish<T, D>(&self, topics: T, data: D)
clippy	Check clippy	2026-06-25T13:35:19.7152643Z     ^[[1m^[[94m|^[[0m            ^[[1m^[[94m-------^[[0m ^[[1m^[[94mrequired by a bound in this associated function^[[0m
clippy	Check clippy	2026-06-25T13:35:19.7153126Z ^[[1m^[[94m 89^[[0m ^[[1m^[[94m|^[[0m     where
clippy	Check clippy	2026-06-25T13:35:19.7153471Z ^[[1m^[[94m 90^[[0m ^[[1m^[[94m|^[[0m         T: Topics,
clippy	Check clippy	2026-06-25T13:35:19.7154028Z     ^[[1m^[[94m|^[[0m            ^[[1m^[[92m^^^^^^^[[0m ^[[1m^[[92mrequired by this bound in `Events::publish`^[[0m
clippy	Check clippy	2026-06-25T13:35:19.7154496Z ^[[1m^[[96mhelp^[[0m: use a unary tuple instead
clippy	Check clippy	2026-06-25T13:35:19.7154796Z     ^[[1m^[[94m|^[[0m
clippy	Check clippy	2026-06-25T13:35:19.7155319Z ^[[1m^[[94m670^[[0m ^[[1m^[[94m| ^[[0m            .publish(^[[92m(^[[0mSymbol::new(&env, "rule_reg")^[[92m,)^[[0m, jurisdiction);
clippy	Check clippy	2026-06-25T13:35:19.7155908Z     ^[[1m^[[94m|^[[0m                      ^[[92m+^[[0m                             ^[[92m++^[[0m
clippy	Check clippy	2026-06-25T13:35:19.7156174Z 
clippy	Check clippy	2026-06-25T13:35:20.1032353Z ^[[1m^[[91merror[E0277]^[[0m^[[1m: `soroban_sdk::Bytes` doesn't implement `std::fmt::Display`^[[0m
clippy	Check clippy	2026-06-25T13:35:20.1034500Z ##[error]   ^[[1m^[[94m--> ^[[0msrc/credential_issuer.rs:848:50
clippy	Check clippy	2026-06-25T13:35:20.1036575Z     ^[[1m^[[94m|^[[0m
clippy	Check clippy	2026-06-25T13:35:20.1037502Z ^[[1m^[[94m848^[[0m ^[[1m^[[94m|^[[0m ^[[1m^[[94m...^[[0m                   format!("{}{}", now, credential_id.clone()).as_bytes(),
clippy	Check clippy	2026-06-25T13:35:20.1039689Z     ^[[1m^[[94m|^[[0m                                  ^[[1m^[[94m--^[[0m        ^[[1m^[[91m^^^^^^^^^^^^^^^^^^^^^^[[0m ^[[1m^[[91m`soroban_sdk::Bytes` cannot be formatted with the default formatter^[[0m
clippy	Check clippy	2026-06-25T13:35:20.1040924Z     ^[[1m^[[94m|^[[0m                                  ^[[1m^[[94m|^[[0m
clippy	Check clippy	2026-06-25T13:35:20.1041729Z     ^[[1m^[[94m|^[[0m                                  ^[[1m^[[94mrequired by this formatting parameter^[[0m
clippy	Check clippy	2026-06-25T13:35:20.1042460Z     ^[[1m^[[94m|^[[0m
clippy	Check clippy	2026-06-25T13:35:20.1043329Z     ^[[1m^[[94m= ^[[0m^[[1mhelp^[[0m: the trait `std::fmt::Display` is not implemented for `soroban_sdk::Bytes`
clippy	Check clippy	2026-06-25T13:35:20.1044654Z     ^[[1m^[[94m= ^[[0m^[[1mnote^[[0m: in format strings you may be able to use `{:?}` (or {:#?} for pretty-print) instead
clippy	Check clippy	2026-06-25T13:35:20.1045364Z 
clippy	Check clippy	2026-06-25T13:35:21.4730153Z ^[[1m^[[91merror[E0599]^[[0m^[[1m: `soroban_sdk::Bytes` doesn't implement `std::fmt::Display`^[[0m
clippy	Check clippy	2026-06-25T13:35:21.4732459Z ##[error]   ^[[1m^[[94m--> ^[[0msrc/schema_registry.rs:59:65
clippy	Check clippy	2026-06-25T13:35:21.4734452Z     ^[[1m^[[94m|^[[0m
clippy	Check clippy	2026-06-25T13:35:21.4735523Z ^[[1m^[[94m 59^[[0m ^[[1m^[[94m|^[[0m             &Symbol::new(&env, &format!("version:{}", schema_id.to_string())),
clippy	Check clippy	2026-06-25T13:35:21.4737349Z     ^[[1m^[[94m|^[[0m                                                                 ^[[1m^[[91m^^^^^^^^^^[[0m ^[[1m^[[91mmethod cannot be called on `soroban_sdk::Bytes` due to unsatisfied trait bounds^[[0m
clippy	Check clippy	2026-06-25T13:35:21.4738735Z     ^[[1m^[[94m|^[[0m
clippy	Check clippy	2026-06-25T13:35:21.4739619Z    ^[[1m^[[94m::: ^[[0m/home/runner/.cargo/registry/src/index.crates.io-1949cf8c6b5b557f/soroban-sdk-22.0.11/src/bytes.rs:254:1
clippy	Check clippy	2026-06-25T13:35:21.4740438Z     ^[[1m^[[94m|^[[0m
clippy	Check clippy	2026-06-25T13:35:21.4740850Z ^[[1m^[[94m254^[[0m ^[[1m^[[94m|^[[0m pub struct Bytes {
clippy	Check clippy	2026-06-25T13:35:21.4742025Z     ^[[1m^[[94m|^[[0m ^[[1m^[[94m----------------^[[0m ^[[1m^[[94mdoesn't satisfy `soroban_sdk::Bytes: std::fmt::Display` or `soroban_sdk::Bytes: std::string::ToString`^[[0m
clippy	Check clippy	2026-06-25T13:35:21.4743011Z     ^[[1m^[[94m|^[[0m
clippy	Check clippy	2026-06-25T13:35:21.4743577Z     ^[[1m^[[94m= ^[[0m^[[1mnote^[[0m: the following trait bounds were not satisfied:
clippy	Check clippy	2026-06-25T13:35:21.4744184Z             `soroban_sdk::Bytes: std::fmt::Display`
clippy	Check clippy	2026-06-25T13:35:21.4745220Z             which is required by `soroban_sdk::Bytes: std::string::ToString`
clippy	Check clippy	2026-06-25T13:35:21.4745684Z 
clippy	Check clippy	2026-06-25T13:35:21.4832403Z ^[[1m^[[91merror[E0599]^[[0m^[[1m: `soroban_sdk::Bytes` doesn't implement `std::fmt::Display`^[[0m
clippy	Check clippy	2026-06-25T13:35:21.4834196Z ##[error]   ^[[1m^[[94m--> ^[[0msrc/schema_registry.rs:80:50
clippy	Check clippy	2026-06-25T13:35:21.4835738Z     ^[[1m^[[94m|^[[0m
clippy	Check clippy	2026-06-25T13:35:21.4836459Z ^[[1m^[[94m 80^[[0m ^[[1m^[[94m|^[[0m                 &format!("version:{}", schema_id.to_string()),
clippy	Check clippy	2026-06-25T13:35:21.4838465Z     ^[[1m^[[94m|^[[0m                                                  ^[[1m^[[91m^^^^^^^^^^[[0m ^[[1m^[[91mmethod cannot be called on `soroban_sdk::Bytes` due to unsatisfied trait bounds^[[0m
clippy	Check clippy	2026-06-25T13:35:21.4839565Z     ^[[1m^[[94m|^[[0m
clippy	Check clippy	2026-06-25T13:35:21.4840625Z    ^[[1m^[[94m::: ^[[0m/home/runner/.cargo/registry/src/index.crates.io-1949cf8c6b5b557f/soroban-sdk-22.0.11/src/bytes.rs:254:1
clippy	Check clippy	2026-06-25T13:35:21.4841559Z     ^[[1m^[[94m|^[[0m
clippy	Check clippy	2026-06-25T13:35:21.4841989Z ^[[1m^[[94m254^[[0m ^[[1m^[[94m|^[[0m pub struct Bytes {
clippy	Check clippy	2026-06-25T13:35:21.4843216Z     ^[[1m^[[94m|^[[0m ^[[1m^[[94m----------------^[[0m ^[[1m^[[94mdoesn't satisfy `soroban_sdk::Bytes: std::fmt::Display` or `soroban_sdk::Bytes: std::string::ToString`^[[0m
clippy	Check clippy	2026-06-25T13:35:21.4844176Z     ^[[1m^[[94m|^[[0m
clippy	Check clippy	2026-06-25T13:35:21.4844724Z     ^[[1m^[[94m= ^[[0m^[[1mnote^[[0m: the following trait bounds were not satisfied:
clippy	Check clippy	2026-06-25T13:35:21.4845359Z             `soroban_sdk::Bytes: std::fmt::Display`
clippy	Check clippy	2026-06-25T13:35:21.4845964Z             which is required by `soroban_sdk::Bytes: std::string::ToString`
clippy	Check clippy	2026-06-25T13:35:21.4846417Z 
clippy	Check clippy	2026-06-25T13:35:21.4900567Z ^[[1m^[[91merror[E0599]^[[0m^[[1m: `soroban_sdk::Bytes` doesn't implement `std::fmt::Display`^[[0m
clippy	Check clippy	2026-06-25T13:35:21.4902588Z ##[error]   ^[[1m^[[94m--> ^[[0msrc/schema_registry.rs:114:65
clippy	Check clippy	2026-06-25T13:35:21.4905132Z     ^[[1m^[[94m|^[[0m
clippy	Check clippy	2026-06-25T13:35:21.4905985Z ^[[1m^[[94m114^[[0m ^[[1m^[[94m|^[[0m             &Symbol::new(&env, &format!("version:{}", schema_id.to_string())),
clippy	Check clippy	2026-06-25T13:35:21.4907520Z     ^[[1m^[[94m|^[[0m                                                                 ^[[1m^[[91m^^^^^^^^^^[[0m ^[[1m^[[91mmethod cannot be called on `soroban_sdk::Bytes` due to unsatisfied trait bounds^[[0m
clippy	Check clippy	2026-06-25T13:35:21.4908775Z     ^[[1m^[[94m|^[[0m
clippy	Check clippy	2026-06-25T13:35:21.4909771Z    ^[[1m^[[94m::: ^[[0m/home/runner/.cargo/registry/src/index.crates.io-1949cf8c6b5b557f/soroban-sdk-22.0.11/src/bytes.rs:254:1
clippy	Check clippy	2026-06-25T13:35:21.4910751Z     ^[[1m^[[94m|^[[0m
clippy	Check clippy	2026-06-25T13:35:21.4911236Z ^[[1m^[[94m254^[[0m ^[[1m^[[94m|^[[0m pub struct Bytes {
clippy	Check clippy	2026-06-25T13:35:21.4912593Z     ^[[1m^[[94m|^[[0m ^[[1m^[[94m----------------^[[0m ^[[1m^[[94mdoesn't satisfy `soroban_sdk::Bytes: std::fmt::Display` or `soroban_sdk::Bytes: std::string::ToString`^[[0m
clippy	Check clippy	2026-06-25T13:35:21.4913693Z     ^[[1m^[[94m|^[[0m
clippy	Check clippy	2026-06-25T13:35:21.4914306Z     ^[[1m^[[94m= ^[[0m^[[1mnote^[[0m: the following trait bounds were not satisfied:
clippy	Check clippy	2026-06-25T13:35:21.4914977Z             `soroban_sdk::Bytes: std::fmt::Display`
clippy	Check clippy	2026-06-25T13:35:21.4915682Z             which is required by `soroban_sdk::Bytes: std::string::ToString`
clippy	Check clippy	2026-06-25T13:35:21.4916162Z 
clippy	Check clippy	2026-06-25T13:35:21.4967444Z ^[[1m^[[91merror[E0599]^[[0m^[[1m: `soroban_sdk::Bytes` doesn't implement `std::fmt::Display`^[[0m
clippy	Check clippy	2026-06-25T13:35:21.4969299Z ##[error]   ^[[1m^[[94m--> ^[[0msrc/schema_registry.rs:134:54
clippy	Check clippy	2026-06-25T13:35:21.4970871Z     ^[[1m^[[94m|^[[0m
clippy	Check clippy	2026-06-25T13:35:21.4971578Z ^[[1m^[[94m134^[[0m ^[[1m^[[94m|^[[0m                     &format!("version:{}", schema_id.to_string()),
clippy	Check clippy	2026-06-25T13:35:21.4973084Z     ^[[1m^[[94m|^[[0m                                                      ^[[1m^[[91m^^^^^^^^^^[[0m ^[[1m^[[91mmethod cannot be called on `soroban_sdk::Bytes` due to unsatisfied trait bounds^[[0m
clippy	Check clippy	2026-06-25T13:35:21.4974175Z     ^[[1m^[[94m|^[[0m
clippy	Check clippy	2026-06-25T13:35:21.4975231Z    ^[[1m^[[94m::: ^[[0m/home/runner/.cargo/registry/src/index.crates.io-1949cf8c6b5b557f/soroban-sdk-22.0.11/src/bytes.rs:254:1
clippy	Check clippy	2026-06-25T13:35:21.4976109Z     ^[[1m^[[94m|^[[0m
clippy	Check clippy	2026-06-25T13:35:21.4976560Z ^[[1m^[[94m254^[[0m ^[[1m^[[94m|^[[0m pub struct Bytes {
clippy	Check clippy	2026-06-25T13:35:21.4978360Z     ^[[1m^[[94m|^[[0m ^[[1m^[[94m----------------^[[0m ^[[1m^[[94mdoesn't satisfy `soroban_sdk::Bytes: std::fmt::Display` or `soroban_sdk::Bytes: std::string::ToString`^[[0m
clippy	Check clippy	2026-06-25T13:35:21.4979373Z     ^[[1m^[[94m|^[[0m
clippy	Check clippy	2026-06-25T13:35:21.4979942Z     ^[[1m^[[94m= ^[[0m^[[1mnote^[[0m: the following trait bounds were not satisfied:
clippy	Check clippy	2026-06-25T13:35:21.4980596Z             `soroban_sdk::Bytes: std::fmt::Display`
clippy	Check clippy	2026-06-25T13:35:21.4981289Z             which is required by `soroban_sdk::Bytes: std::string::ToString`
clippy	Check clippy	2026-06-25T13:35:21.4981771Z 
clippy	Check clippy	2026-06-25T13:35:21.5036811Z ^[[1m^[[91merror[E0599]^[[0m^[[1m: the method `to_string` exists for reference `&soroban_sdk::Bytes`, but its trait bounds were not satisfied^[[0m
clippy	Check clippy	2026-06-25T13:35:21.5039073Z ##[error]   ^[[1m^[[94m--> ^[[0msrc/schema_registry.rs:155:49
clippy	Check clippy	2026-06-25T13:35:21.5040580Z     ^[[1m^[[94m|^[[0m
clippy	Check clippy	2026-06-25T13:35:21.5041424Z ^[[1m^[[94m155^[[0m ^[[1m^[[94m|^[[0m             &format!("schema:{}:v{}", schema_id.to_string(), version),
clippy	Check clippy	2026-06-25T13:35:21.5043188Z     ^[[1m^[[94m|^[[0m                                                 ^[[1m^[[91m^^^^^^^^^^[[0m ^[[1m^[[91mmethod cannot be called on `&soroban_sdk::Bytes` due to unsatisfied trait bounds^[[0m
clippy	Check clippy	2026-06-25T13:35:21.5044334Z     ^[[1m^[[94m|^[[0m
clippy	Check clippy	2026-06-25T13:35:21.5045432Z    ^[[1m^[[94m::: ^[[0m/home/runner/.cargo/registry/src/index.crates.io-1949cf8c6b5b557f/soroban-sdk-22.0.11/src/bytes.rs:254:1
clippy	Check clippy	2026-06-25T13:35:21.5046436Z     ^[[1m^[[94m|^[[0m
clippy	Check clippy	2026-06-25T13:35:21.5046944Z ^[[1m^[[94m254^[[0m ^[[1m^[[94m|^[[0m pub struct Bytes {
clippy	Check clippy	2026-06-25T13:35:21.5048606Z     ^[[1m^[[94m|^[[0m ^[[1m^[[94m----------------^[[0m ^[[1m^[[94mdoesn't satisfy `soroban_sdk::Bytes: std::fmt::Display` or `soroban_sdk::Bytes: std::string::ToString`^[[0m
clippy	Check clippy	2026-06-25T13:35:21.5050046Z     ^[[1m^[[94m|^[[0m
clippy	Check clippy	2026-06-25T13:35:21.5050708Z     ^[[1m^[[94m= ^[[0m^[[1mnote^[[0m: the following trait bounds were not satisfied:
clippy	Check clippy	2026-06-25T13:35:21.5051447Z             `soroban_sdk::Bytes: std::fmt::Display`
clippy	Check clippy	2026-06-25T13:35:21.5052133Z             which is required by `soroban_sdk::Bytes: std::string::ToString`
clippy	Check clippy	2026-06-25T13:35:21.5052847Z             `&soroban_sdk::Bytes: std::fmt::Display`
clippy	Check clippy	2026-06-25T13:35:21.5053531Z             which is required by `&soroban_sdk::Bytes: std::string::ToString`
clippy	Check clippy	2026-06-25T13:35:21.5054049Z 
clippy	Check clippy	2026-06-25T13:35:21.6182699Z ^[[1m^[[91merror[E0433]^[[0m^[[1m: cannot find type `ZKAttestation` in this scope^[[0m
clippy	Check clippy	2026-06-25T13:35:21.6184186Z ##[error]   ^[[1m^[[94m--> ^[[0msrc/zk_attestation.rs:105:1
clippy	Check clippy	2026-06-25T13:35:21.6185371Z     ^[[1m^[[94m|^[[0m
clippy	Check clippy	2026-06-25T13:35:21.6185753Z ^[[1m^[[94m105^[[0m ^[[1m^[[94m|^[[0m #[contractimpl]
clippy	Check clippy	2026-06-25T13:35:21.6186389Z     ^[[1m^[[94m|^[[0m ^[[1m^[[91m^^^^^^^^^^^^^^^^[[0m ^[[1m^[[91muse of undeclared type `ZKAttestation`^[[0m
clippy	Check clippy	2026-06-25T13:35:21.6186996Z     ^[[1m^[[94m|^[[0m
clippy	Check clippy	2026-06-25T13:35:21.6188448Z     ^[[1m^[[94m= ^[[0m^[[1mnote^[[0m: this error originates in the attribute macro `contractimpl` (in Nightly builds, run with -Z macro-backtrace for more info)
clippy	Check clippy	2026-06-25T13:35:21.6189198Z 
clippy	Check clippy	2026-06-25T13:35:22.0598055Z ^[[1m^[[91merror[E0382]^[[0m^[[1m: use of moved value: `issuer`^[[0m
clippy	Check clippy	2026-06-25T13:35:22.0599513Z ##[error]   ^[[1m^[[94m--> ^[[0msrc/credential_issuer.rs:189:37
clippy	Check clippy	2026-06-25T13:35:22.0600653Z     ^[[1m^[[94m|^[[0m
clippy	Check clippy	2026-06-25T13:35:22.0601023Z ^[[1m^[[94m120^[[0m ^[[1m^[[94m|^[[0m         issuer: Address,
clippy	Check clippy	2026-06-25T13:35:22.0602106Z     ^[[1m^[[94m|^[[0m         ^[[1m^[[94m------^[[0m ^[[1m^[[94mmove occurs because `issuer` has type `soroban_sdk::Address`, which does not implement the `Copy` trait^[[0m
clippy	Check clippy	2026-06-25T13:35:22.0602879Z ^[[1m^[[94m...^[[0m
clippy	Check clippy	2026-06-25T13:35:22.0603398Z ^[[1m^[[94m175^[[0m ^[[1m^[[94m|^[[0m             .set(&CredKey::IssuerCreds(issuer), &issuer_creds);
clippy	Check clippy	2026-06-25T13:35:22.0604080Z     ^[[1m^[[94m|^[[0m                                        ^[[1m^[[94m------^[[0m ^[[1m^[[94mvalue moved here^[[0m
clippy	Check clippy	2026-06-25T13:35:22.0604574Z ^[[1m^[[94m...^[[0m
clippy	Check clippy	2026-06-25T13:35:22.0604983Z ^[[1m^[[94m189^[[0m ^[[1m^[[94m|^[[0m             (credential_id.clone(), issuer),
clippy	Check clippy	2026-06-25T13:35:22.0605634Z     ^[[1m^[[94m|^[[0m                                     ^[[1m^[[91m^^^^^^^[[0m ^[[1m^[[91mvalue used here after move^[[0m
clippy	Check clippy	2026-06-25T13:35:22.0606379Z     ^[[1m^[[94m|^[[0m
clippy	Check clippy	2026-06-25T13:35:22.0606867Z ^[[1m^[[96mhelp^[[0m: consider cloning the value if the performance cost is acceptable
clippy	Check clippy	2026-06-25T13:35:22.0607374Z     ^[[1m^[[94m|^[[0m
clippy	Check clippy	2026-06-25T13:35:22.0608288Z ^[[1m^[[94m175^[[0m ^[[1m^[[94m| ^[[0m            .set(&CredKey::IssuerCreds(issuer^[[92m.clone()^[[0m), &issuer_creds);
clippy	Check clippy	2026-06-25T13:35:22.0608894Z     ^[[1m^[[94m|^[[0m                                              ^[[92m++++++++^[[0m
clippy	Check clippy	2026-06-25T13:35:22.0609150Z 
clippy	Check clippy	2026-06-25T13:35:22.0809932Z ^[[1m^[[91merror[E0382]^[[0m^[[1m: use of moved value: `credential_id`^[[0m
clippy	Check clippy	2026-06-25T13:35:22.0812074Z ##[error]   ^[[1m^[[94m--> ^[[0msrc/credential_issuer.rs:353:14
clippy	Check clippy	2026-06-25T13:35:22.0814272Z     ^[[1m^[[94m|^[[0m
clippy	Check clippy	2026-06-25T13:35:22.0815219Z ^[[1m^[[94m310^[[0m ^[[1m^[[94m|^[[0m         credential_id: Bytes,
clippy	Check clippy	2026-06-25T13:35:22.0817610Z     ^[[1m^[[94m|^[[0m         ^[[1m^[[94m-------------^[[0m ^[[1m^[[94mmove occurs because `credential_id` has type `soroban_sdk::Bytes`, which does not implement the `Copy` trait^[[0m
clippy	Check clippy	2026-06-25T13:35:22.0819532Z ^[[1m^[[94m...^[[0m
clippy	Check clippy	2026-06-25T13:35:22.0820555Z ^[[1m^[[94m348^[[0m ^[[1m^[[94m|^[[0m                 .set(&CredKey::Reason(credential_id), &reason_bytes);
clippy	Check clippy	2026-06-25T13:35:22.0821760Z     ^[[1m^[[94m|^[[0m                                       ^[[1m^[[94m-------------^[[0m ^[[1m^[[94mvalue moved here^[[0m
clippy	Check clippy	2026-06-25T13:35:22.0822667Z ^[[1m^[[94m...^[[0m
clippy	Check clippy	2026-06-25T13:35:22.0823435Z ^[[1m^[[94m353^[[0m ^[[1m^[[94m|^[[0m             (credential_id, issuer, reason),
clippy	Check clippy	2026-06-25T13:35:22.0824579Z     ^[[1m^[[94m|^[[0m              ^[[1m^[[91m^^^^^^^^^^^^^^[[0m ^[[1m^[[91mvalue used here after move^[[0m
clippy	Check clippy	2026-06-25T13:35:22.0825846Z     ^[[1m^[[94m|^[[0m
clippy	Check clippy	2026-06-25T13:35:22.0826722Z ^[[1m^[[96mhelp^[[0m: consider cloning the value if the performance cost is acceptable
clippy	Check clippy	2026-06-25T13:35:22.0827633Z     ^[[1m^[[94m|^[[0m
clippy	Check clippy	2026-06-25T13:35:22.0828947Z ^[[1m^[[94m348^[[0m ^[[1m^[[94m| ^[[0m                .set(&CredKey::Reason(credential_id^[[92m.clone()^[[0m), &reason_bytes);
clippy	Check clippy	2026-06-25T13:35:22.0830143Z     ^[[1m^[[94m|^[[0m                                                    ^[[92m++++++++^[[0m
clippy	Check clippy	2026-06-25T13:35:22.0830697Z 
clippy	Check clippy	2026-06-25T13:35:22.0831494Z ^[[1m^[[91merror[E0382]^[[0m^[[1m: use of partially moved value: `reason`^[[0m
clippy	Check clippy	2026-06-25T13:35:22.0832792Z ##[error]   ^[[1m^[[94m--> ^[[0msrc/credential_issuer.rs:353:37
clippy	Check clippy	2026-06-25T13:35:22.0834237Z     ^[[1m^[[94m|^[[0m
clippy	Check clippy	2026-06-25T13:35:22.0834922Z ^[[1m^[[94m345^[[0m ^[[1m^[[94m|^[[0m         if let Some(reason_bytes) = reason {
clippy	Check clippy	2026-06-25T13:35:22.0835964Z     ^[[1m^[[94m|^[[0m                     ^[[1m^[[94m------------^[[0m ^[[1m^[[94mvalue partially moved here^[[0m
clippy	Check clippy	2026-06-25T13:35:22.0836682Z ^[[1m^[[94m...^[[0m
clippy	Check clippy	2026-06-25T13:35:22.0837328Z ^[[1m^[[94m353^[[0m ^[[1m^[[94m|^[[0m             (credential_id, issuer, reason),
clippy	Check clippy	2026-06-25T13:35:22.0838590Z     ^[[1m^[[94m|^[[0m                                     ^[[1m^[[91m^^^^^^^[[0m ^[[1m^[[91mvalue used here after partial move^[[0m
clippy	Check clippy	2026-06-25T13:35:22.0839283Z     ^[[1m^[[94m|^[[0m
clippy	Check clippy	2026-06-25T13:35:22.0839986Z     ^[[1m^[[94m= ^[[0m^[[1mnote^[[0m: partial move occurs because value has type `soroban_sdk::Bytes`, which does not implement the `Copy` trait
clippy	Check clippy	2026-06-25T13:35:22.0840759Z ^[[1m^[[96mhelp^[[0m: borrow this binding in the pattern to avoid moving the value
clippy	Check clippy	2026-06-25T13:35:22.0841167Z     ^[[1m^[[94m|^[[0m
clippy	Check clippy	2026-06-25T13:35:22.0841565Z ^[[1m^[[94m345^[[0m ^[[1m^[[94m| ^[[0m        if let Some(^[[92mref ^[[0mreason_bytes) = reason {
clippy	Check clippy	2026-06-25T13:35:22.0842028Z     ^[[1m^[[94m|^[[0m                     ^[[92m+++^[[0m
clippy	Check clippy	2026-06-25T13:35:22.0842338Z 
clippy	Check clippy	2026-06-25T13:35:22.0855676Z ^[[1m^[[91merror[E0382]^[[0m^[[1m: use of moved value: `delegator`^[[0m
clippy	Check clippy	2026-06-25T13:35:22.0857691Z ##[error]   ^[[1m^[[94m--> ^[[0msrc/credential_issuer.rs:511:31
clippy	Check clippy	2026-06-25T13:35:22.0859691Z     ^[[1m^[[94m|^[[0m
clippy	Check clippy	2026-06-25T13:35:22.0860550Z ^[[1m^[[94m454^[[0m ^[[1m^[[94m|^[[0m         delegator: Address,
clippy	Check clippy	2026-06-25T13:35:22.0862382Z     ^[[1m^[[94m|^[[0m         ^[[1m^[[94m---------^[[0m ^[[1m^[[94mmove occurs because `delegator` has type `soroban_sdk::Address`, which does not implement the `Copy` trait^[[0m
clippy	Check clippy	2026-06-25T13:35:22.0864051Z ^[[1m^[[94m...^[[0m
clippy	Check clippy	2026-06-25T13:35:22.0865117Z ^[[1m^[[94m507^[[0m ^[[1m^[[94m|^[[0m             .set(&CredKey::DelegatorAuths(delegator), &delegator_auths);
clippy	Check clippy	2026-06-25T13:35:22.0866522Z     ^[[1m^[[94m|^[[0m                                           ^[[1m^[[94m---------^[[0m ^[[1m^[[94mvalue moved here^[[0m
clippy	Check clippy	2026-06-25T13:35:22.0867518Z ^[[1m^[[94m...^[[0m
clippy	Check clippy	2026-06-25T13:35:22.0868694Z ^[[1m^[[94m511^[[0m ^[[1m^[[94m|^[[0m             (auth_id.clone(), delegator, delegate),
clippy	Check clippy	2026-06-25T13:35:22.0869630Z     ^[[1m^[[94m|^[[0m                               ^[[1m^[[91m^^^^^^^^^^[[0m ^[[1m^[[91mvalue used here after move^[[0m
clippy	Check clippy	2026-06-25T13:35:22.0870057Z     ^[[1m^[[94m|^[[0m
clippy	Check clippy	2026-06-25T13:35:22.0870485Z ^[[1m^[[96mhelp^[[0m: consider cloning the value if the performance cost is acceptable
clippy	Check clippy	2026-06-25T13:35:22.0870914Z     ^[[1m^[[94m|^[[0m
clippy	Check clippy	2026-06-25T13:35:22.0871481Z ^[[1m^[[94m507^[[0m ^[[1m^[[94m| ^[[0m            .set(&CredKey::DelegatorAuths(delegator^[[92m.clone()^[[0m), &delegator_auths);
clippy	Check clippy	2026-06-25T13:35:22.0872072Z     ^[[1m^[[94m|^[[0m                                                    ^[[92m++++++++^[[0m
clippy	Check clippy	2026-06-25T13:35:22.0872338Z 
clippy	Check clippy	2026-06-25T13:35:22.0872648Z ^[[1m^[[91merror[E0382]^[[0m^[[1m: use of moved value: `delegate`^[[0m
clippy	Check clippy	2026-06-25T13:35:22.0873411Z ##[error]   ^[[1m^[[94m--> ^[[0msrc/credential_issuer.rs:511:42
clippy	Check clippy	2026-06-25T13:35:22.0874205Z     ^[[1m^[[94m|^[[0m
clippy	Check clippy	2026-06-25T13:35:22.0874535Z ^[[1m^[[94m455^[[0m ^[[1m^[[94m|^[[0m         delegate: Address,
clippy	Check clippy	2026-06-25T13:35:22.0875356Z     ^[[1m^[[94m|^[[0m         ^[[1m^[[94m--------^[[0m ^[[1m^[[94mmove occurs because `delegate` has type `soroban_sdk::Address`, which does not implement the `Copy` trait^[[0m
clippy	Check clippy	2026-06-25T13:35:22.0875985Z ^[[1m^[[94m...^[[0m
clippy	Check clippy	2026-06-25T13:35:22.0876654Z ^[[1m^[[94m497^[[0m ^[[1m^[[94m|^[[0m             .set(&CredKey::DelegateAuths(delegate), &delegate_auths);
clippy	Check clippy	2026-06-25T13:35:22.0877255Z     ^[[1m^[[94m|^[[0m                                          ^[[1m^[[94m--------^[[0m ^[[1m^[[94mvalue moved here^[[0m
clippy	Check clippy	2026-06-25T13:35:22.0877651Z ^[[1m^[[94m...^[[0m
clippy	Check clippy	2026-06-25T13:35:22.0878412Z ^[[1m^[[94m511^[[0m ^[[1m^[[94m|^[[0m             (auth_id.clone(), delegator, delegate),
clippy	Check clippy	2026-06-25T13:35:22.0879005Z     ^[[1m^[[94m|^[[0m                                          ^[[1m^[[91m^^^^^^^^^[[0m ^[[1m^[[91mvalue used here after move^[[0m
clippy	Check clippy	2026-06-25T13:35:22.0879415Z     ^[[1m^[[94m|^[[0m
clippy	Check clippy	2026-06-25T13:35:22.0879819Z ^[[1m^[[96mhelp^[[0m: consider cloning the value if the performance cost is acceptable
clippy	Check clippy	2026-06-25T13:35:22.0880231Z     ^[[1m^[[94m|^[[0m
clippy	Check clippy	2026-06-25T13:35:22.0880745Z ^[[1m^[[94m497^[[0m ^[[1m^[[94m| ^[[0m            .set(&CredKey::DelegateAuths(delegate^[[92m.clone()^[[0m), &delegate_auths);
clippy	Check clippy	2026-06-25T13:35:22.0881321Z     ^[[1m^[[94m|^[[0m                                                  ^[[92m++++++++^[[0m
clippy	Check clippy	2026-06-25T13:35:22.0881565Z 
clippy	Check clippy	2026-06-25T13:35:22.1116934Z ^[[1m^[[91merror[E0382]^[[0m^[[1m: borrow of partially moved value: `auth`^[[0m
clippy	Check clippy	2026-06-25T13:35:22.1118980Z ##[error]   ^[[1m^[[94m--> ^[[0msrc/credential_issuer.rs:662:49
clippy	Check clippy	2026-06-25T13:35:22.1120442Z     ^[[1m^[[94m|^[[0m
clippy	Check clippy	2026-06-25T13:35:22.1121376Z ^[[1m^[[94m647^[[0m ^[[1m^[[94m|^[[0m             .set(&CredKey::IssuerCreds(auth.delegator), &issuer_creds);
clippy	Check clippy	2026-06-25T13:35:22.1122558Z     ^[[1m^[[94m|^[[0m                                        ^[[1m^[[94m--------------^[[0m ^[[1m^[[94mvalue partially moved here^[[0m
clippy	Check clippy	2026-06-25T13:35:22.1123453Z ^[[1m^[[94m...^[[0m
clippy	Check clippy	2026-06-25T13:35:22.1124254Z ^[[1m^[[94m662^[[0m ^[[1m^[[94m|^[[0m             .set(&CredKey::Delegation(auth_id), &auth);
clippy	Check clippy	2026-06-25T13:35:22.1125525Z     ^[[1m^[[94m|^[[0m                                                 ^[[1m^[[91m^^^^^^[[0m ^[[1m^[[91mvalue borrowed here after partial move^[[0m
clippy	Check clippy	2026-06-25T13:35:22.1126406Z     ^[[1m^[[94m|^[[0m
clippy	Check clippy	2026-06-25T13:35:22.1127721Z     ^[[1m^[[94m= ^[[0m^[[1mnote^[[0m: partial move occurs because `auth.delegator` has type `soroban_sdk::Address`, which does not implement the `Copy` trait
clippy	Check clippy	2026-06-25T13:35:22.1128945Z 
clippy	Check clippy	2026-06-25T13:35:22.1532251Z ^[[1m^[[91merror[E0382]^[[0m^[[1m: use of moved value: `holder`^[[0m
clippy	Check clippy	2026-06-25T13:35:22.1533880Z ##[error]   ^[[1m^[[94m--> ^[[0msrc/credential_offer.rs:235:40
clippy	Check clippy	2026-06-25T13:35:22.1535556Z     ^[[1m^[[94m|^[[0m
clippy	Check clippy	2026-06-25T13:35:22.1536463Z ^[[1m^[[94m131^[[0m ^[[1m^[[94m|^[[0m         holder: Address,
clippy	Check clippy	2026-06-25T13:35:22.1538303Z     ^[[1m^[[94m|^[[0m         ^[[1m^[[94m------^[[0m ^[[1m^[[94mmove occurs because `holder` has type `soroban_sdk::Address`, which does not implement the `Copy` trait^[[0m
clippy	Check clippy	2026-06-25T13:35:22.1539455Z ^[[1m^[[94m...^[[0m
clippy	Check clippy	2026-06-25T13:35:22.1540318Z ^[[1m^[[94m219^[[0m ^[[1m^[[94m|^[[0m             .set(&OfferKey::HolderOffers(holder), &holder_offers);
clippy	Check clippy	2026-06-25T13:35:22.1541394Z     ^[[1m^[[94m|^[[0m                                          ^[[1m^[[94m------^[[0m ^[[1m^[[94mvalue moved here^[[0m
clippy	Check clippy	2026-06-25T13:35:22.1542133Z ^[[1m^[[94m...^[[0m
clippy	Check clippy	2026-06-25T13:35:22.1542777Z ^[[1m^[[94m235^[[0m ^[[1m^[[94m|^[[0m             (offer_id.clone(), issuer, holder),
clippy	Check clippy	2026-06-25T13:35:22.1543768Z     ^[[1m^[[94m|^[[0m                                        ^[[1m^[[91m^^^^^^^[[0m ^[[1m^[[91mvalue used here after move^[[0m
clippy	Check clippy	2026-06-25T13:35:22.1544518Z     ^[[1m^[[94m|^[[0m
clippy	Check clippy	2026-06-25T13:35:22.1545257Z ^[[1m^[[96mhelp^[[0m: consider cloning the value if the performance cost is acceptable
clippy	Check clippy	2026-06-25T13:35:22.1546066Z     ^[[1m^[[94m|^[[0m
clippy	Check clippy	2026-06-25T13:35:22.1546994Z ^[[1m^[[94m219^[[0m ^[[1m^[[94m| ^[[0m            .set(&OfferKey::HolderOffers(holder^[[92m.clone()^[[0m), &holder_offers);
clippy	Check clippy	2026-06-25T13:35:22.1548262Z     ^[[1m^[[94m|^[[0m                                                ^[[92m++++++++^[[0m
clippy	Check clippy	2026-06-25T13:35:22.1548714Z 
clippy	Check clippy	2026-06-25T13:35:22.2054571Z ^[[1m^[[91merror^[[0m^[[1m: unused variable: `now`^[[0m
clippy	Check clippy	2026-06-25T13:35:22.2056491Z ##[error]   ^[[1m^[[94m--> ^[[0msrc/credential_offer.rs:359:13
clippy	Check clippy	2026-06-25T13:35:22.2059013Z     ^[[1m^[[94m|^[[0m
clippy	Check clippy	2026-06-25T13:35:22.2059878Z ^[[1m^[[94m359^[[0m ^[[1m^[[94m|^[[0m         let now = env.ledger().timestamp();
clippy	Check clippy	2026-06-25T13:35:22.2061664Z     ^[[1m^[[94m|^[[0m             ^[[1m^[[91m^^^^[[0m ^[[1m^[[91mhelp: if this is intentional, prefix it with an underscore: `_now`^[[0m
clippy	Check clippy	2026-06-25T13:35:22.2062697Z     ^[[1m^[[94m|^[[0m
clippy	Check clippy	2026-06-25T13:35:22.2063465Z     ^[[1m^[[94m= ^[[0m^[[1mnote^[[0m: `-D unused-variables` implied by `-D warnings`
clippy	Check clippy	2026-06-25T13:35:22.2064734Z     ^[[1m^[[94m= ^[[0m^[[1mhelp^[[0m: to override `-D warnings` add `#[allow(unused_variables)]`
clippy	Check clippy	2026-06-25T13:35:22.2065330Z 
clippy	Check clippy	2026-06-25T13:35:22.2068306Z ^[[1m^[[91merror^[[0m^[[1m: unused variable: `now`^[[0m
clippy	Check clippy	2026-06-25T13:35:22.2069915Z ##[error]   ^[[1m^[[94m--> ^[[0msrc/credential_offer.rs:410:13
clippy	Check clippy	2026-06-25T13:35:22.2071646Z     ^[[1m^[[94m|^[[0m
clippy	Check clippy	2026-06-25T13:35:22.2072341Z ^[[1m^[[94m410^[[0m ^[[1m^[[94m|^[[0m         let now = env.ledger().timestamp();
clippy	Check clippy	2026-06-25T13:35:22.2073549Z     ^[[1m^[[94m|^[[0m             ^[[1m^[[91m^^^^[[0m ^[[1m^[[91mhelp: if this is intentional, prefix it with an underscore: `_now`^[[0m
clippy	Check clippy	2026-06-25T13:35:22.2074248Z 
clippy	Check clippy	2026-06-25T13:35:22.2520897Z ^[[1m^[[91merror[E0382]^[[0m^[[1m: use of moved value: `did`^[[0m
clippy	Check clippy	2026-06-25T13:35:22.2522595Z ##[error]   ^[[1m^[[94m--> ^[[0msrc/did_recovery.rs:326:47
clippy	Check clippy	2026-06-25T13:35:22.2524211Z     ^[[1m^[[94m|^[[0m
clippy	Check clippy	2026-06-25T13:35:22.2524872Z ^[[1m^[[94m298^[[0m ^[[1m^[[94m|^[[0m         did: Bytes,
clippy	Check clippy	2026-06-25T13:35:22.2526379Z     ^[[1m^[[94m|^[[0m         ^[[1m^[[94m---^[[0m ^[[1m^[[94mmove occurs because `did` has type `soroban_sdk::Bytes`, which does not implement the `Copy` trait^[[0m
clippy	Check clippy	2026-06-25T13:35:22.2527532Z ^[[1m^[[94m...^[[0m
clippy	Check clippy	2026-06-25T13:35:22.2528784Z ^[[1m^[[94m318^[[0m ^[[1m^[[94m|^[[0m             .set(&RecoveryKey::Guardian(did, guardian.clone()), &record);
clippy	Check clippy	2026-06-25T13:35:22.2529881Z     ^[[1m^[[94m|^[[0m                                         ^[[1m^[[94m---^[[0m ^[[1m^[[94mvalue moved here^[[0m
clippy	Check clippy	2026-06-25T13:35:22.2530611Z ^[[1m^[[94m...^[[0m
clippy	Check clippy	2026-06-25T13:35:22.2531391Z ^[[1m^[[94m326^[[0m ^[[1m^[[94m|^[[0m             .set(&RecoveryKey::RecoveryConfig(did), &config);
clippy	Check clippy	2026-06-25T13:35:22.2532469Z     ^[[1m^[[94m|^[[0m                                               ^[[1m^[[91m^^^^[[0m ^[[1m^[[91mvalue used here after move^[[0m
clippy	Check clippy	2026-06-25T13:35:22.2533229Z     ^[[1m^[[94m|^[[0m
clippy	Check clippy	2026-06-25T13:35:22.2534143Z ^[[1m^[[96mhelp^[[0m: consider cloning the value if the performance cost is acceptable
clippy	Check clippy	2026-06-25T13:35:22.2534970Z     ^[[1m^[[94m|^[[0m
clippy	Check clippy	2026-06-25T13:35:22.2536176Z ^[[1m^[[94m318^[[0m ^[[1m^[[94m| ^[[0m            .set(&RecoveryKey::Guardian(did^[[92m.clone()^[[0m, guardian.clone()), &record);
clippy	Check clippy	2026-06-25T13:35:22.2537619Z     ^[[1m^[[94m|^[[0m                                            ^[[92m++++++++^[[0m
clippy	Check clippy	2026-06-25T13:35:22.2538279Z 
clippy	Check clippy	2026-06-25T13:35:22.2538753Z ^[[1m^[[91merror[E0382]^[[0m^[[1m: use of moved value: `did`^[[0m
clippy	Check clippy	2026-06-25T13:35:22.2539904Z ##[error]   ^[[1m^[[94m--> ^[[0msrc/did_recovery.rs:329:64
clippy	Check clippy	2026-06-25T13:35:22.2541241Z     ^[[1m^[[94m|^[[0m
clippy	Check clippy	2026-06-25T13:35:22.2541769Z ^[[1m^[[94m298^[[0m ^[[1m^[[94m|^[[0m         did: Bytes,
clippy	Check clippy	2026-06-25T13:35:22.2543189Z     ^[[1m^[[94m|^[[0m         ^[[1m^[[94m---^[[0m ^[[1m^[[94mmove occurs because `did` has type `soroban_sdk::Bytes`, which does not implement the `Copy` trait^[[0m
clippy	Check clippy	2026-06-25T13:35:22.2544278Z ^[[1m^[[94m...^[[0m
clippy	Check clippy	2026-06-25T13:35:22.2545075Z ^[[1m^[[94m326^[[0m ^[[1m^[[94m|^[[0m             .set(&RecoveryKey::RecoveryConfig(did), &config);
clippy	Check clippy	2026-06-25T13:35:22.2546116Z     ^[[1m^[[94m|^[[0m                                               ^[[1m^[[94m---^[[0m ^[[1m^[[94mvalue moved here^[[0m
clippy	Check clippy	2026-06-25T13:35:22.2546865Z ^[[1m^[[94m...^[[0m
clippy	Check clippy	2026-06-25T13:35:22.2547763Z ^[[1m^[[94m329^[[0m ^[[1m^[[94m|^[[0m             .publish((Symbol::new(&env, "GuardianRemoved"),), (did, guardian));
clippy	Check clippy	2026-06-25T13:35:22.2549268Z     ^[[1m^[[94m|^[[0m                                                                ^[[1m^[[91m^^^^[[0m ^[[1m^[[91mvalue used here after move^[[0m
clippy	Check clippy	2026-06-25T13:35:22.2550084Z     ^[[1m^[[94m|^[[0m
clippy	Check clippy	2026-06-25T13:35:22.2550849Z ^[[1m^[[96mhelp^[[0m: consider cloning the value if the performance cost is acceptable
clippy	Check clippy	2026-06-25T13:35:22.2551641Z     ^[[1m^[[94m|^[[0m
clippy	Check clippy	2026-06-25T13:35:22.2552548Z ^[[1m^[[94m326^[[0m ^[[1m^[[94m| ^[[0m            .set(&RecoveryKey::RecoveryConfig(did^[[92m.clone()^[[0m), &config);
clippy	Check clippy	2026-06-25T13:35:22.2553821Z     ^[[1m^[[94m|^[[0m                                                  ^[[92m++++++++^[[0m
clippy	Check clippy	2026-06-25T13:35:22.2554282Z 
clippy	Check clippy	2026-06-25T13:35:22.2573505Z ^[[1m^[[91merror[E0382]^[[0m^[[1m: use of moved value: `request.did`^[[0m
clippy	Check clippy	2026-06-25T13:35:22.2574791Z ##[error]   ^[[1m^[[94m--> ^[[0msrc/did_recovery.rs:591:26
clippy	Check clippy	2026-06-25T13:35:22.2575886Z     ^[[1m^[[94m|^[[0m
clippy	Check clippy	2026-06-25T13:35:22.2576595Z ^[[1m^[[94m587^[[0m ^[[1m^[[94m|^[[0m             .set(&RecoveryKey::RecoveryConfig(request.did), &config);
clippy	Check clippy	2026-06-25T13:35:22.2577476Z     ^[[1m^[[94m|^[[0m                                               ^[[1m^[[94m-----------^[[0m ^[[1m^[[94mvalue moved here^[[0m
clippy	Check clippy	2026-06-25T13:35:22.2578464Z ^[[1m^[[94m...^[[0m
clippy	Check clippy	2026-06-25T13:35:22.2579041Z ^[[1m^[[94m591^[[0m ^[[1m^[[94m|^[[0m             (request_id, request.did, new_controller.clone()),
clippy	Check clippy	2026-06-25T13:35:22.2579847Z     ^[[1m^[[94m|^[[0m                          ^[[1m^[[91m^^^^^^^^^^^^[[0m ^[[1m^[[91mvalue used here after move^[[0m
clippy	Check clippy	2026-06-25T13:35:22.2580414Z     ^[[1m^[[94m|^[[0m
clippy	Check clippy	2026-06-25T13:35:22.2581308Z     ^[[1m^[[94m= ^[[0m^[[1mnote^[[0m: move occurs because `request.did` has type `soroban_sdk::Bytes`, which does not implement the `Copy` trait
clippy	Check clippy	2026-06-25T13:35:22.2582059Z 
clippy	Check clippy	2026-06-25T13:35:22.2827440Z ^[[1m^[[91merror[E0382]^[[0m^[[1m: use of moved value: `controller`^[[0m
clippy	Check clippy	2026-06-25T13:35:22.2829245Z ##[error]   ^[[1m^[[94m--> ^[[0msrc/did_registry.rs:122:67
clippy	Check clippy	2026-06-25T13:35:22.2831017Z     ^[[1m^[[94m|^[[0m
clippy	Check clippy	2026-06-25T13:35:22.2831732Z ^[[1m^[[94m 72^[[0m ^[[1m^[[94m|^[[0m         controller: Address,
clippy	Check clippy	2026-06-25T13:35:22.2833765Z     ^[[1m^[[94m|^[[0m         ^[[1m^[[94m----------^[[0m ^[[1m^[[94mmove occurs because `controller` has type `soroban_sdk::Address`, which does not implement the `Copy` trait^[[0m
clippy	Check clippy	2026-06-25T13:35:22.2835098Z ^[[1m^[[94m...^[[0m
clippy	Check clippy	2026-06-25T13:35:22.2836025Z ^[[1m^[[94m119^[[0m ^[[1m^[[94m|^[[0m             .set(&DidKey::Controller(controller), &did_id);
clippy	Check clippy	2026-06-25T13:35:22.2837327Z     ^[[1m^[[94m|^[[0m                                      ^[[1m^[[94m----------^[[0m ^[[1m^[[94mvalue moved here^[[0m
clippy	Check clippy	2026-06-25T13:35:22.2838652Z ^[[1m^[[94m...^[[0m
clippy	Check clippy	2026-06-25T13:35:22.2839888Z ^[[1m^[[94m122^[[0m ^[[1m^[[94m|^[[0m             .publish((Symbol::new(&env, "DIDCreated"),), (did_id, controller));
clippy	Check clippy	2026-06-25T13:35:22.2841638Z     ^[[1m^[[94m|^[[0m                                                                   ^[[1m^[[91m^^^^^^^^^^^[[0m ^[[1m^[[91mvalue used here after move^[[0m
clippy	Check clippy	2026-06-25T13:35:22.2842958Z     ^[[1m^[[94m|^[[0m
clippy	Check clippy	2026-06-25T13:35:22.2843682Z ^[[1m^[[96mhelp^[[0m: consider cloning the value if the performance cost is acceptable
clippy	Check clippy	2026-06-25T13:35:22.2844446Z     ^[[1m^[[94m|^[[0m
clippy	Check clippy	2026-06-25T13:35:22.2845318Z ^[[1m^[[94m119^[[0m ^[[1m^[[94m| ^[[0m            .set(&DidKey::Controller(controller^[[92m.clone()^[[0m), &did_id);
clippy	Check clippy	2026-06-25T13:35:22.2846265Z     ^[[1m^[[94m|^[[0m                                                ^[[92m++++++++^[[0m
clippy	Check clippy	2026-06-25T13:35:22.2846711Z 
clippy	Check clippy	2026-06-25T13:35:22.2847230Z ^[[1m^[[91merror[E0382]^[[0m^[[1m: use of moved value: `did`^[[0m
clippy	Check clippy	2026-06-25T13:35:22.2848662Z ##[error]   ^[[1m^[[94m--> ^[[0msrc/did_registry.rs:169:59
clippy	Check clippy	2026-06-25T13:35:22.2850154Z     ^[[1m^[[94m|^[[0m
clippy	Check clippy	2026-06-25T13:35:22.2850708Z ^[[1m^[[94m142^[[0m ^[[1m^[[94m|^[[0m         let did: Bytes = env
clippy	Check clippy	2026-06-25T13:35:22.2852124Z     ^[[1m^[[94m|^[[0m             ^[[1m^[[94m---^[[0m ^[[1m^[[94mmove occurs because `did` has type `soroban_sdk::Bytes`, which does not implement the `Copy` trait^[[0m
clippy	Check clippy	2026-06-25T13:35:22.2853199Z ^[[1m^[[94m...^[[0m
clippy	Check clippy	2026-06-25T13:35:22.2853983Z ^[[1m^[[94m166^[[0m ^[[1m^[[94m|^[[0m         env.storage().persistent().set(&DidKey::Doc(did), &doc);
clippy	Check clippy	2026-06-25T13:35:22.2855153Z     ^[[1m^[[94m|^[[0m                                                     ^[[1m^[[94m---^[[0m ^[[1m^[[94mvalue moved here^[[0m
clippy	Check clippy	2026-06-25T13:35:22.2855954Z ^[[1m^[[94m...^[[0m
clippy	Check clippy	2026-06-25T13:35:22.2856926Z ^[[1m^[[94m169^[[0m ^[[1m^[[94m|^[[0m             .publish((Symbol::new(&env, "DIDUpdated"),), (did, controller));
clippy	Check clippy	2026-06-25T13:35:22.2858507Z     ^[[1m^[[94m|^[[0m                                                           ^[[1m^[[91m^^^^[[0m ^[[1m^[[91mvalue used here after move^[[0m
clippy	Check clippy	2026-06-25T13:35:22.2859710Z     ^[[1m^[[94m|^[[0m
clippy	Check clippy	2026-06-25T13:35:22.2860459Z ^[[1m^[[96mhelp^[[0m: consider cloning the value if the performance cost is acceptable
clippy	Check clippy	2026-06-25T13:35:22.2861260Z     ^[[1m^[[94m|^[[0m
clippy	Check clippy	2026-06-25T13:35:22.2862204Z ^[[1m^[[94m166^[[0m ^[[1m^[[94m| ^[[0m        env.storage().persistent().set(&DidKey::Doc(did^[[92m.clone()^[[0m), &doc);
clippy	Check clippy	2026-06-25T13:35:22.2863378Z     ^[[1m^[[94m|^[[0m                                                        ^[[92m++++++++^[[0m
clippy	Check clippy	2026-06-25T13:35:22.2863880Z 
clippy	Check clippy	2026-06-25T13:35:22.2864396Z ^[[1m^[[91merror[E0382]^[[0m^[[1m: use of moved value: `did`^[[0m
clippy	Check clippy	2026-06-25T13:35:22.2865596Z ##[error]   ^[[1m^[[94m--> ^[[0msrc/did_registry.rs:198:63
clippy	Check clippy	2026-06-25T13:35:22.2866968Z     ^[[1m^[[94m|^[[0m
clippy	Check clippy	2026-06-25T13:35:22.2867557Z ^[[1m^[[94m177^[[0m ^[[1m^[[94m|^[[0m         let did: Bytes = env
clippy	Check clippy	2026-06-25T13:35:22.2869293Z     ^[[1m^[[94m|^[[0m             ^[[1m^[[94m---^[[0m ^[[1m^[[94mmove occurs because `did` has type `soroban_sdk::Bytes`, which does not implement the `Copy` trait^[[0m
clippy	Check clippy	2026-06-25T13:35:22.2870456Z ^[[1m^[[94m...^[[0m
clippy	Check clippy	2026-06-25T13:35:22.2871323Z ^[[1m^[[94m195^[[0m ^[[1m^[[94m|^[[0m         env.storage().persistent().set(&DidKey::Doc(did), &doc);
clippy	Check clippy	2026-06-25T13:35:22.2872444Z     ^[[1m^[[94m|^[[0m                                                     ^[[1m^[[94m---^[[0m ^[[1m^[[94mvalue moved here^[[0m
clippy	Check clippy	2026-06-25T13:35:22.2873190Z ^[[1m^[[94m...^[[0m
clippy	Check clippy	2026-06-25T13:35:22.2874130Z ^[[1m^[[94m198^[[0m ^[[1m^[[94m|^[[0m             .publish((Symbol::new(&env, "DIDDeactivated"),), (did, controller));
clippy	Check clippy	2026-06-25T13:35:22.2875422Z     ^[[1m^[[94m|^[[0m                                                               ^[[1m^[[91m^^^^[[0m ^[[1m^[[91mvalue used here after move^[[0m
clippy	Check clippy	2026-06-25T13:35:22.2876235Z     ^[[1m^[[94m|^[[0m
clippy	Check clippy	2026-06-25T13:35:22.2877006Z ^[[1m^[[96mhelp^[[0m: consider cloning the value if the performance cost is acceptable
clippy	Check clippy	2026-06-25T13:35:22.2878120Z     ^[[1m^[[94m|^[[0m
clippy	Check clippy	2026-06-25T13:35:22.2879183Z ^[[1m^[[94m195^[[0m ^[[1m^[[94m| ^[[0m        env.storage().persistent().set(&DidKey::Doc(did^[[92m.clone()^[[0m), &doc);
clippy	Check clippy	2026-06-25T13:35:22.2880337Z     ^[[1m^[[94m|^[[0m                                                        ^[[92m++++++++^[[0m
clippy	Check clippy	2026-06-25T13:35:22.2880821Z 
clippy	Check clippy	2026-06-25T13:35:22.2926785Z ^[[1m^[[91merror[E0382]^[[0m^[[1m: use of moved value: `operation_id`^[[0m
clippy	Check clippy	2026-06-25T13:35:22.2928701Z ##[error]   ^[[1m^[[94m--> ^[[0msrc/did_registry.rs:622:14
clippy	Check clippy	2026-06-25T13:35:22.2929742Z     ^[[1m^[[94m|^[[0m
clippy	Check clippy	2026-06-25T13:35:22.2930449Z ^[[1m^[[94m578^[[0m ^[[1m^[[94m|^[[0m         operation_id: Bytes,
clippy	Check clippy	2026-06-25T13:35:22.2931581Z     ^[[1m^[[94m|^[[0m         ^[[1m^[[94m------------^[[0m ^[[1m^[[94mmove occurs because `operation_id` has type `soroban_sdk::Bytes`, which does not implement the `Copy` trait^[[0m
clippy	Check clippy	2026-06-25T13:35:22.2932417Z ^[[1m^[[94m...^[[0m
clippy	Check clippy	2026-06-25T13:35:22.2932875Z ^[[1m^[[94m618^[[0m ^[[1m^[[94m|^[[0m             .set(&DidKey::Operation(operation_id), &operation);
clippy	Check clippy	2026-06-25T13:35:22.2933483Z     ^[[1m^[[94m|^[[0m                                     ^[[1m^[[94m------------^[[0m ^[[1m^[[94mvalue moved here^[[0m
clippy	Check clippy	2026-06-25T13:35:22.2933893Z ^[[1m^[[94m...^[[0m
clippy	Check clippy	2026-06-25T13:35:22.2934232Z ^[[1m^[[94m622^[[0m ^[[1m^[[94m|^[[0m             (operation_id, signer),
clippy	Check clippy	2026-06-25T13:35:22.2934722Z     ^[[1m^[[94m|^[[0m              ^[[1m^[[91m^^^^^^^^^^^^^[[0m ^[[1m^[[91mvalue used here after move^[[0m
clippy	Check clippy	2026-06-25T13:35:22.2935113Z     ^[[1m^[[94m|^[[0m
clippy	Check clippy	2026-06-25T13:35:22.2935530Z ^[[1m^[[96mhelp^[[0m: consider cloning the value if the performance cost is acceptable
clippy	Check clippy	2026-06-25T13:35:22.2935968Z     ^[[1m^[[94m|^[[0m
clippy	Check clippy	2026-06-25T13:35:22.2936469Z ^[[1m^[[94m618^[[0m ^[[1m^[[94m| ^[[0m            .set(&DidKey::Operation(operation_id^[[92m.clone()^[[0m), &operation);
clippy	Check clippy	2026-06-25T13:35:22.2937288Z     ^[[1m^[[94m|^[[0m                                                 ^[[92m++++++++^[[0m
clippy	Check clippy	2026-06-25T13:35:22.2937693Z 
clippy	Check clippy	2026-06-25T13:35:22.2938406Z ^[[1m^[[91merror[E0382]^[[0m^[[1m: use of moved value: `signer`^[[0m
clippy	Check clippy	2026-06-25T13:35:22.2939201Z ##[error]   ^[[1m^[[94m--> ^[[0msrc/did_registry.rs:622:28
clippy	Check clippy	2026-06-25T13:35:22.2940000Z     ^[[1m^[[94m|^[[0m
clippy	Check clippy	2026-06-25T13:35:22.2940328Z ^[[1m^[[94m577^[[0m ^[[1m^[[94m|^[[0m         signer: Address,
clippy	Check clippy	2026-06-25T13:35:22.2941404Z     ^[[1m^[[94m|^[[0m         ^[[1m^[[94m------^[[0m ^[[1m^[[94mmove occurs because `signer` has type `soroban_sdk::Address`, which does not implement the `Copy` trait^[[0m
clippy	Check clippy	2026-06-25T13:35:22.2942027Z ^[[1m^[[94m...^[[0m
clippy	Check clippy	2026-06-25T13:35:22.2942406Z ^[[1m^[[94m615^[[0m ^[[1m^[[94m|^[[0m         operation.approvals.push_back(signer);
clippy	Check clippy	2026-06-25T13:35:22.2942999Z     ^[[1m^[[94m|^[[0m                                       ^[[1m^[[94m------^[[0m ^[[1m^[[94mvalue moved here^[[0m
clippy	Check clippy	2026-06-25T13:35:22.2943398Z ^[[1m^[[94m...^[[0m
clippy	Check clippy	2026-06-25T13:35:22.2943729Z ^[[1m^[[94m622^[[0m ^[[1m^[[94m|^[[0m             (operation_id, signer),
clippy	Check clippy	2026-06-25T13:35:22.2944242Z     ^[[1m^[[94m|^[[0m                            ^[[1m^[[91m^^^^^^^[[0m ^[[1m^[[91mvalue used here after move^[[0m
clippy	Check clippy	2026-06-25T13:35:22.2944643Z     ^[[1m^[[94m|^[[0m
clippy	Check clippy	2026-06-25T13:35:22.2945047Z ^[[1m^[[96mhelp^[[0m: consider cloning the value if the performance cost is acceptable
clippy	Check clippy	2026-06-25T13:35:22.2945466Z     ^[[1m^[[94m|^[[0m
clippy	Check clippy	2026-06-25T13:35:22.2945898Z ^[[1m^[[94m615^[[0m ^[[1m^[[94m| ^[[0m        operation.approvals.push_back(signer^[[92m.clone()^[[0m);
clippy	Check clippy	2026-06-25T13:35:22.2946436Z     ^[[1m^[[94m|^[[0m                                             ^[[92m++++++++^[[0m
clippy	Check clippy	2026-06-25T13:35:22.2946671Z 
clippy	Check clippy	2026-06-25T13:35:22.2946867Z ^[[1m^[[91merror^[[0m^[[1m: unused variable: `did`^[[0m
clippy	Check clippy	2026-06-25T13:35:22.2947457Z ##[error]   ^[[1m^[[94m--> ^[[0msrc/did_registry.rs:681:41
clippy	Check clippy	2026-06-25T13:35:22.2948543Z     ^[[1m^[[94m|^[[0m
clippy	Check clippy	2026-06-25T13:35:22.2948967Z ^[[1m^[[94m681^[[0m ^[[1m^[[94m|^[[0m     fn generate_operation_id(env: &Env, did: &Bytes) -> Bytes {
clippy	Check clippy	2026-06-25T13:35:22.2949721Z     ^[[1m^[[94m|^[[0m                                         ^[[1m^[[91m^^^^[[0m ^[[1m^[[91mhelp: if this is intentional, prefix it with an underscore: `_did`^[[0m
clippy	Check clippy	2026-06-25T13:35:22.2950148Z 
clippy	Check clippy	2026-06-25T13:35:22.3330854Z ^[[1m^[[91merror[E0382]^[[0m^[[1m: use of moved value: `subject`^[[0m
clippy	Check clippy	2026-06-25T13:35:22.3332617Z ##[error]   ^[[1m^[[94m--> ^[[0msrc/reputation_oracle.rs:325:39
clippy	Check clippy	2026-06-25T13:35:22.3334155Z     ^[[1m^[[94m|^[[0m
clippy	Check clippy	2026-06-25T13:35:22.3334744Z ^[[1m^[[94m242^[[0m ^[[1m^[[94m|^[[0m         subject: Address,
clippy	Check clippy	2026-06-25T13:35:22.3336658Z     ^[[1m^[[94m|^[[0m         ^[[1m^[[94m-------^[[0m ^[[1m^[[94mmove occurs because `subject` has type `soroban_sdk::Address`, which does not implement the `Copy` trait^[[0m
clippy	Check clippy	2026-06-25T13:35:22.3338448Z ^[[1m^[[94m...^[[0m
clippy	Check clippy	2026-06-25T13:35:22.3339462Z ^[[1m^[[94m314^[[0m ^[[1m^[[94m|^[[0m             .set(&OracleKey::SubjectFeeds(subject), &subject_feeds);
clippy	Check clippy	2026-06-25T13:35:22.3341147Z     ^[[1m^[[94m|^[[0m                                           ^[[1m^[[94m-------^[[0m ^[[1m^[[94mvalue moved here^[[0m
clippy	Check clippy	2026-06-25T13:35:22.3342098Z ^[[1m^[[94m...^[[0m
clippy	Check clippy	2026-06-25T13:35:22.3342997Z ^[[1m^[[94m325^[[0m ^[[1m^[[94m|^[[0m             (feed_id.clone(), oracle, subject, data_type),
clippy	Check clippy	2026-06-25T13:35:22.3344216Z     ^[[1m^[[94m|^[[0m                                       ^[[1m^[[91m^^^^^^^^[[0m ^[[1m^[[91mvalue used here after move^[[0m
clippy	Check clippy	2026-06-25T13:35:22.3344945Z     ^[[1m^[[94m|^[[0m
clippy	Check clippy	2026-06-25T13:35:22.3345636Z ^[[1m^[[96mhelp^[[0m: consider cloning the value if the performance cost is acceptable
clippy	Check clippy	2026-06-25T13:35:22.3346493Z     ^[[1m^[[94m|^[[0m
clippy	Check clippy	2026-06-25T13:35:22.3347157Z ^[[1m^[[94m314^[[0m ^[[1m^[[94m| ^[[0m            .set(&OracleKey::SubjectFeeds(subject^[[92m.clone()^[[0m), &subject_feeds);
clippy	Check clippy	2026-06-25T13:35:22.3347758Z     ^[[1m^[[94m|^[[0m                                                  ^[[92m++++++++^[[0m
clippy	Check clippy	2026-06-25T13:35:22.3348451Z 
clippy	Check clippy	2026-06-25T13:35:22.6740473Z ^[[1mSome errors have detailed explanations: E0277, E0382, E0425, E0432, E0433, E0599.^[[0m
clippy	Check clippy	2026-06-25T13:35:22.6741176Z ^[[1mFor more information about an error, try `rustc --explain E0277`.^[[0m
clippy	Check clippy	2026-06-25T13:35:22.7307250Z ^[[1m^[[91merror^[[0m: could not compile `stellar-identity-credentials-sdk` (lib) due to 41 previous errors
clippy	Check clippy	2026-06-25T13:35:22.7574756Z ##[error]Process completed with exit code 101.
test	Run tests	﻿2026-06-25T13:35:07.2240180Z ##[group]Run cargo test
test	Run tests	2026-06-25T13:35:07.2240482Z ^[[36;1mcargo test^[[0m
test	Run tests	2026-06-25T13:35:07.2272128Z shell: /usr/bin/bash -e {0}
test	Run tests	2026-06-25T13:35:07.2272424Z env:
test	Run tests	2026-06-25T13:35:07.2272658Z   CARGO_TERM_COLOR: always
test	Run tests	2026-06-25T13:35:07.2272945Z   CARGO_INCREMENTAL: 0
test	Run tests	2026-06-25T13:35:07.2273452Z   CARGO_PROFILE_DEV_DEBUG: 0
test	Run tests	2026-06-25T13:35:07.2273833Z   RUST_BACKTRACE: short
test	Run tests	2026-06-25T13:35:07.2274115Z   RUSTFLAGS: -D warnings
test	Run tests	2026-06-25T13:35:07.2274421Z   CARGO_UNSTABLE_SPARSE_REGISTRY: true
test	Run tests	2026-06-25T13:35:07.2274792Z   CARGO_REGISTRIES_CRATES_IO_PROTOCOL: sparse
test	Run tests	2026-06-25T13:35:07.2275152Z   CACHE_ON_FAILURE: true
test	Run tests	2026-06-25T13:35:07.2275418Z ##[endgroup]
test	Run tests	2026-06-25T13:35:08.5714275Z ^[[1m^[[92m    Updating^[[0m crates.io index
test	Run tests	2026-06-25T13:35:09.7834720Z ^[[1m^[[92m   Compiling^[[0m stellar-identity-credentials-sdk v0.1.0 (/home/runner/work/stellar-identity-credentials-sdk/stellar-identity-credentials-sdk)
test	Run tests	2026-06-25T13:35:15.9611161Z ^[[1m^[[91merror^[[0m^[[1m: unsupported type^[[0m
test	Run tests	2026-06-25T13:35:15.9636361Z ##[error]   ^[[1m^[[94m--> ^[[0msrc/reputation_score.rs:526:18
test	Run tests	2026-06-25T13:35:15.9642393Z     ^[[1m^[[94m|^[[0m
test	Run tests	2026-06-25T13:35:15.9642780Z ^[[1m^[[94m526^[[0m ^[[1m^[[94m|^[[0m         address: &Address,
test	Run tests	2026-06-25T13:35:15.9643417Z     ^[[1m^[[94m|^[[0m                  ^[[1m^[[91m^^[[0m
test	Run tests	2026-06-25T13:35:15.9643650Z 
test	Run tests	2026-06-25T13:35:18.5859480Z ^[[1m^[[91merror[E0432]^[[0m^[[1m: unresolved imports `crate::credential_schema`, `crate::zk_attestation::ZKAttestation`^[[0m
test	Run tests	2026-06-25T13:35:18.5862911Z ##[error]  ^[[1m^[[94m--> ^[[0msrc/gas_benchmark.rs:11:5
test	Run tests	2026-06-25T13:35:18.5864878Z    ^[[1m^[[94m|^[[0m
test	Run tests	2026-06-25T13:35:18.5865875Z ^[[1m^[[94m11^[[0m ^[[1m^[[94m|^[[0m     credential_schema::{CredentialSchema, FieldValidation},
test	Run tests	2026-06-25T13:35:18.5867156Z    ^[[1m^[[94m|^[[0m     ^[[1m^[[91m^^^^^^^^^^^^^^^^^^[[0m ^[[1m^[[91mcould not find `credential_schema` in the crate root^[[0m
test	Run tests	2026-06-25T13:35:18.5868503Z ^[[1m^[[94m...^[[0m
test	Run tests	2026-06-25T13:35:18.5869365Z ^[[1m^[[94m14^[[0m ^[[1m^[[94m|^[[0m     zk_attestation::{CircuitType, ZKAttestation},
test	Run tests	2026-06-25T13:35:18.5870594Z    ^[[1m^[[94m|^[[0m                                   ^[[1m^[[91m^^^^^^^^^^^^^^[[0m ^[[1m^[[91mno `ZKAttestation` in `zk_attestation`^[[0m
test	Run tests	2026-06-25T13:35:18.5871186Z 
test	Run tests	2026-06-25T13:35:18.5897172Z ^[[1m^[[91merror[E0432]^[[0m^[[1m: unresolved import `crate::zk_attestation::ZKAttestation`^[[0m
test	Run tests	2026-06-25T13:35:18.5898745Z ##[error] ^[[1m^[[94m--> ^[[0msrc/fuzz_test_script.rs:8:35
test	Run tests	2026-06-25T13:35:18.5900131Z   ^[[1m^[[94m|^[[0m
test	Run tests	2026-06-25T13:35:18.5901186Z ^[[1m^[[94m8^[[0m ^[[1m^[[94m|^[[0m     zk_attestation::{CircuitType, ZKAttestation as ZKAttestationContract, ZKAttestationError},
test	Run tests	2026-06-25T13:35:18.5902662Z   ^[[1m^[[94m|^[[0m                                   ^[[1m^[[91m^^^^^^^^^^^^^^^^^^^^^^^^^^^^^^^^^^^^^^^[[0m ^[[1m^[[91mno `ZKAttestation` in `zk_attestation`^[[0m
test	Run tests	2026-06-25T13:35:18.5903582Z 
test	Run tests	2026-06-25T13:35:18.5987473Z ^[[1m^[[91merror[E0432]^[[0m^[[1m: unresolved imports `crate::credential_schema`, `crate::zk_attestation::ZKAttestation`^[[0m
test	Run tests	2026-06-25T13:35:18.5989540Z ##[error]  ^[[1m^[[94m--> ^[[0msrc/integration_tests.rs:11:5
test	Run tests	2026-06-25T13:35:18.5991095Z    ^[[1m^[[94m|^[[0m
test	Run tests	2026-06-25T13:35:18.5991945Z ^[[1m^[[94m11^[[0m ^[[1m^[[94m|^[[0m     credential_schema::{CredentialSchema, FieldValidation},
test	Run tests	2026-06-25T13:35:18.5993394Z    ^[[1m^[[94m|^[[0m     ^[[1m^[[91m^^^^^^^^^^^^^^^^^^[[0m ^[[1m^[[91mcould not find `credential_schema` in the crate root^[[0m
test	Run tests	2026-06-25T13:35:18.5994271Z ^[[1m^[[94m...^[[0m
test	Run tests	2026-06-25T13:35:18.5995137Z ^[[1m^[[94m15^[[0m ^[[1m^[[94m|^[[0m     zk_attestation::{CircuitType, ZKAttestation, ZKAttestationError},
test	Run tests	2026-06-25T13:35:18.5996389Z    ^[[1m^[[94m|^[[0m                                   ^[[1m^[[91m^^^^^^^^^^^^^^[[0m ^[[1m^[[91mno `ZKAttestation` in `zk_attestation`^[[0m
test	Run tests	2026-06-25T13:35:18.5997024Z 
test	Run tests	2026-06-25T13:35:18.6023794Z ^[[1m^[[91merror[E0432]^[[0m^[[1m: unresolved import `zk_attestation::ZKAttestation`^[[0m
test	Run tests	2026-06-25T13:35:18.6025139Z ##[error]  ^[[1m^[[94m--> ^[[0msrc/lib.rs:51:9
test	Run tests	2026-06-25T13:35:18.6026498Z    ^[[1m^[[94m|^[[0m
test	Run tests	2026-06-25T13:35:18.6027177Z ^[[1m^[[94m51^[[0m ^[[1m^[[94m|^[[0m pub use zk_attestation::ZKAttestation;
test	Run tests	2026-06-25T13:35:18.6028507Z    ^[[1m^[[94m|^[[0m         ^[[1m^[[91m^^^^^^^^^^^^^^^^^^^^^^^^^^^^^^[[0m ^[[1m^[[91mno `ZKAttestation` in `zk_attestation`^[[0m
test	Run tests	2026-06-25T13:35:18.6029062Z 
test	Run tests	2026-06-25T13:35:18.6034470Z ^[[1m^[[91merror[E0432]^[[0m^[[1m: unresolved import `crate::credential_schema`^[[0m
test	Run tests	2026-06-25T13:35:18.6035611Z ##[error]   ^[[1m^[[94m--> ^[[0msrc/credential_issuer.rs:207:20
test	Run tests	2026-06-25T13:35:18.6036943Z     ^[[1m^[[94m|^[[0m
test	Run tests	2026-06-25T13:35:18.6037578Z ^[[1m^[[94m207^[[0m ^[[1m^[[94m|^[[0m         use crate::credential_schema::CredentialSchema;
test	Run tests	2026-06-25T13:35:18.6038572Z     ^[[1m^[[94m|^[[0m                    ^[[1m^[[91m^^^^^^^^^^^^^^^^^^[[0m ^[[1m^[[91mcould not find `credential_schema` in the crate root^[[0m
test	Run tests	2026-06-25T13:35:18.6039143Z 
test	Run tests	2026-06-25T13:35:19.6468226Z ^[[1m^[[91merror[E0425]^[[0m^[[1m: cannot find type `ZKAttestation` in this scope^[[0m
test	Run tests	2026-06-25T13:35:19.6470301Z ##[error]   ^[[1m^[[94m--> ^[[0msrc/zk_attestation.rs:106:6
test	Run tests	2026-06-25T13:35:19.6473090Z     ^[[1m^[[94m|^[[0m
test	Run tests	2026-06-25T13:35:19.6473926Z ^[[1m^[[94m106^[[0m ^[[1m^[[94m|^[[0m impl ZKAttestation {
test	Run tests	2026-06-25T13:35:19.6474774Z     ^[[1m^[[94m|^[[0m      ^[[1m^[[91m^^^^^^^^^^^^^^[[0m ^[[1m^[[91mnot found in this scope^[[0m
test	Run tests	2026-06-25T13:35:19.6475283Z 
test	Run tests	2026-06-25T13:35:19.6575453Z ^[[1m^[[91merror[E0425]^[[0m^[[1m: cannot find type `BytesN` in this scope^[[0m
test	Run tests	2026-06-25T13:35:19.6577406Z ##[error]   ^[[1m^[[94m--> ^[[0msrc/zk_attestation.rs:427:25
test	Run tests	2026-06-25T13:35:19.6579362Z     ^[[1m^[[94m|^[[0m
test	Run tests	2026-06-25T13:35:19.6580343Z ^[[1m^[[94m427^[[0m ^[[1m^[[94m|^[[0m         let hash_bytes: BytesN<32> = hash.into();
test	Run tests	2026-06-25T13:35:19.6581493Z     ^[[1m^[[94m|^[[0m                         ^[[1m^[[91m^^^^^^^[[0m
test	Run tests	2026-06-25T13:35:19.6582572Z     ^[[1m^[[94m|^[[0m
test	Run tests	2026-06-25T13:35:19.6584392Z    ^[[1m^[[94m::: ^[[0m/home/runner/.cargo/registry/src/index.crates.io-1949cf8c6b5b557f/soroban-sdk-22.0.11/src/bytes.rs:254:1
test	Run tests	2026-06-25T13:35:19.6586164Z     ^[[1m^[[94m|^[[0m
test	Run tests	2026-06-25T13:35:19.6586859Z ^[[1m^[[94m254^[[0m ^[[1m^[[94m|^[[0m pub struct Bytes {
test	Run tests	2026-06-25T13:35:19.6588024Z     ^[[1m^[[94m|^[[0m ^[[1m^[[94m----------------^[[0m ^[[1m^[[94msimilarly named struct `Bytes` defined here^[[0m
test	Run tests	2026-06-25T13:35:19.6589191Z     ^[[1m^[[94m|^[[0m
test	Run tests	2026-06-25T13:35:19.6590049Z ^[[1m^[[96mhelp^[[0m: a struct with a similar name exists
test	Run tests	2026-06-25T13:35:19.6590947Z     ^[[1m^[[94m|^[[0m
test	Run tests	2026-06-25T13:35:19.6591851Z ^[[1m^[[94m427^[[0m ^[[91m- ^[[0m        let hash_bytes: ^[[91mBytesN^[[0m<32> = hash.into();
test	Run tests	2026-06-25T13:35:19.6592927Z ^[[1m^[[94m427^[[0m ^[[92m+ ^[[0m        let hash_bytes: ^[[92mBytes^[[0m<32> = hash.into();
test	Run tests	2026-06-25T13:35:19.6594067Z     ^[[1m^[[94m|^[[0m
test	Run tests	2026-06-25T13:35:19.6594303Z 
test	Run tests	2026-06-25T13:35:19.6635861Z ^[[1m^[[91merror[E0425]^[[0m^[[1m: cannot find type `BytesN` in this scope^[[0m
test	Run tests	2026-06-25T13:35:19.6708169Z ##[error]   ^[[1m^[[94m--> ^[[0msrc/zk_attestation.rs:433:25
test	Run tests	2026-06-25T13:35:19.6709955Z     ^[[1m^[[94m|^[[0m
test	Run tests	2026-06-25T13:35:19.6710591Z ^[[1m^[[94m433^[[0m ^[[1m^[[94m|^[[0m         let hash_bytes: BytesN<32> = hash.into();
test	Run tests	2026-06-25T13:35:19.6711377Z     ^[[1m^[[94m|^[[0m                         ^[[1m^[[91m^^^^^^^[[0m
test	Run tests	2026-06-25T13:35:19.6711940Z     ^[[1m^[[94m|^[[0m
test	Run tests	2026-06-25T13:35:19.6713039Z    ^[[1m^[[94m::: ^[[0m/home/runner/.cargo/registry/src/index.crates.io-1949cf8c6b5b557f/soroban-sdk-22.0.11/src/bytes.rs:254:1
test	Run tests	2026-06-25T13:35:19.6714215Z     ^[[1m^[[94m|^[[0m
test	Run tests	2026-06-25T13:35:19.6714658Z ^[[1m^[[94m254^[[0m ^[[1m^[[94m|^[[0m pub struct Bytes {
test	Run tests	2026-06-25T13:35:19.6715485Z     ^[[1m^[[94m|^[[0m ^[[1m^[[94m----------------^[[0m ^[[1m^[[94msimilarly named struct `Bytes` defined here^[[0m
test	Run tests	2026-06-25T13:35:19.6716208Z     ^[[1m^[[94m|^[[0m
test	Run tests	2026-06-25T13:35:19.6716714Z ^[[1m^[[96mhelp^[[0m: a struct with a similar name exists
test	Run tests	2026-06-25T13:35:19.6717241Z     ^[[1m^[[94m|^[[0m
test	Run tests	2026-06-25T13:35:19.6717838Z ^[[1m^[[94m433^[[0m ^[[91m- ^[[0m        let hash_bytes: ^[[91mBytesN^[[0m<32> = hash.into();
test	Run tests	2026-06-25T13:35:19.6718734Z ^[[1m^[[94m433^[[0m ^[[92m+ ^[[0m        let hash_bytes: ^[[92mBytes^[[0m<32> = hash.into();
test	Run tests	2026-06-25T13:35:19.6719393Z     ^[[1m^[[94m|^[[0m
test	Run tests	2026-06-25T13:35:19.6719577Z 
test	Run tests	2026-06-25T13:35:19.6720093Z ^[[1m^[[91merror[E0425]^[[0m^[[1m: cannot find type `BytesN` in this scope^[[0m
test	Run tests	2026-06-25T13:35:19.6721712Z ##[error]   ^[[1m^[[94m--> ^[[0msrc/zk_attestation.rs:446:25
test	Run tests	2026-06-25T13:35:19.6723075Z     ^[[1m^[[94m|^[[0m
test	Run tests	2026-06-25T13:35:19.6723921Z ^[[1m^[[94m446^[[0m ^[[1m^[[94m|^[[0m         let hash_bytes: BytesN<32> = hash.into();
test	Run tests	2026-06-25T13:35:19.6724669Z     ^[[1m^[[94m|^[[0m                         ^[[1m^[[91m^^^^^^^[[0m
test	Run tests	2026-06-25T13:35:19.6725194Z     ^[[1m^[[94m|^[[0m
test	Run tests	2026-06-25T13:35:19.6726239Z    ^[[1m^[[94m::: ^[[0m/home/runner/.cargo/registry/src/index.crates.io-1949cf8c6b5b557f/soroban-sdk-22.0.11/src/bytes.rs:254:1
test	Run tests	2026-06-25T13:35:19.6727171Z     ^[[1m^[[94m|^[[0m
test	Run tests	2026-06-25T13:35:19.6727621Z ^[[1m^[[94m254^[[0m ^[[1m^[[94m|^[[0m pub struct Bytes {
test	Run tests	2026-06-25T13:35:19.6728463Z     ^[[1m^[[94m|^[[0m ^[[1m^[[94m----------------^[[0m ^[[1m^[[94msimilarly named struct `Bytes` defined here^[[0m
test	Run tests	2026-06-25T13:35:19.6729180Z     ^[[1m^[[94m|^[[0m
test	Run tests	2026-06-25T13:35:19.6729669Z ^[[1m^[[96mhelp^[[0m: a struct with a similar name exists
test	Run tests	2026-06-25T13:35:19.6730204Z     ^[[1m^[[94m|^[[0m
test	Run tests	2026-06-25T13:35:19.6730806Z ^[[1m^[[94m446^[[0m ^[[91m- ^[[0m        let hash_bytes: ^[[91mBytesN^[[0m<32> = hash.into();
test	Run tests	2026-06-25T13:35:19.6731664Z ^[[1m^[[94m446^[[0m ^[[92m+ ^[[0m        let hash_bytes: ^[[92mBytes^[[0m<32> = hash.into();
test	Run tests	2026-06-25T13:35:19.6732295Z     ^[[1m^[[94m|^[[0m
test	Run tests	2026-06-25T13:35:19.6732495Z 
test	Run tests	2026-06-25T13:35:19.6813815Z ^[[1m^[[91merror[E0425]^[[0m^[[1m: cannot find type `ZKAttestation` in this scope^[[0m
test	Run tests	2026-06-25T13:35:19.6815230Z ##[error]   ^[[1m^[[94m--> ^[[0msrc/zk_attestation.rs:105:1
test	Run tests	2026-06-25T13:35:19.6816606Z     ^[[1m^[[94m|^[[0m
test	Run tests	2026-06-25T13:35:19.6817086Z ^[[1m^[[94m105^[[0m ^[[1m^[[94m|^[[0m #[contractimpl]
test	Run tests	2026-06-25T13:35:19.6817789Z     ^[[1m^[[94m|^[[0m ^[[1m^[[91m^^^^^^^^^^^^^^^^[[0m ^[[1m^[[91mnot found in this scope^[[0m
test	Run tests	2026-06-25T13:35:19.6818380Z     ^[[1m^[[94m|^[[0m
test	Run tests	2026-06-25T13:35:19.6819458Z     ^[[1m^[[94m= ^[[0m^[[1mnote^[[0m: this error originates in the attribute macro `contractimpl` (in Nightly builds, run with -Z macro-backtrace for more info)
test	Run tests	2026-06-25T13:35:19.6820656Z 
test	Run tests	2026-06-25T13:35:19.7265493Z ^[[1m^[[91merror[E0425]^[[0m^[[1m: cannot find type `ZKAttestationClient` in this scope^[[0m
test	Run tests	2026-06-25T13:35:19.7268480Z ##[error]   ^[[1m^[[94m--> ^[[0msrc/zk_attestation.rs:105:1
test	Run tests	2026-06-25T13:35:19.7270474Z     ^[[1m^[[94m|^[[0m
test	Run tests	2026-06-25T13:35:19.7271195Z ^[[1m^[[94m103^[[0m ^[[1m^[[94m|^[[0m pub struct ZKAttestationContract;
test	Run tests	2026-06-25T13:35:19.7272623Z     ^[[1m^[[94m|^[[0m ^[[1m^[[94m---------------------------------^[[0m ^[[1m^[[94msimilarly named struct `ZKAttestationContract` defined here^[[0m
test	Run tests	2026-06-25T13:35:19.7273849Z ^[[1m^[[94m104^[[0m ^[[1m^[[94m|^[[0m
test	Run tests	2026-06-25T13:35:19.7274354Z ^[[1m^[[94m105^[[0m ^[[1m^[[94m|^[[0m #[contractimpl]
test	Run tests	2026-06-25T13:35:19.7274921Z     ^[[1m^[[94m|^[[0m ^[[1m^[[91m^^^^^^^^^^^^^^^^[[0m
test	Run tests	2026-06-25T13:35:19.7275394Z     ^[[1m^[[94m|^[[0m
test	Run tests	2026-06-25T13:35:19.7276784Z     ^[[1m^[[94m= ^[[0m^[[1mnote^[[0m: this error originates in the attribute macro `soroban_sdk::contractclient` (in Nightly builds, run with -Z macro-backtrace for more info)
test	Run tests	2026-06-25T13:35:19.7278089Z ^[[1m^[[96mhelp^[[0m: a struct with a similar name exists
test	Run tests	2026-06-25T13:35:19.7278646Z     ^[[1m^[[94m|^[[0m
test	Run tests	2026-06-25T13:35:19.7279076Z ^[[1m^[[94m105^[[0m ^[[91m- #[contractimpl]^[[0m
test	Run tests	2026-06-25T13:35:19.7279651Z ^[[1m^[[94m105^[[0m ^[[92m+ ZKAttestationContract^[[0m
test	Run tests	2026-06-25T13:35:19.7280165Z     ^[[1m^[[94m|^[[0m
test	Run tests	2026-06-25T13:35:19.7280362Z 
test	Run tests	2026-06-25T13:35:19.7306844Z ^[[1m^[[91merror[E0425]^[[0m^[[1m: cannot find type `ZKAttestationArgs` in this scope^[[0m
test	Run tests	2026-06-25T13:35:19.7308786Z ##[error]   ^[[1m^[[94m--> ^[[0msrc/zk_attestation.rs:105:1
test	Run tests	2026-06-25T13:35:19.7310694Z     ^[[1m^[[94m|^[[0m
test	Run tests	2026-06-25T13:35:19.7311269Z ^[[1m^[[94m 25^[[0m ^[[1m^[[94m|^[[0m pub enum ZKAttestationError {
test	Run tests	2026-06-25T13:35:19.7312082Z     ^[[1m^[[94m|^[[0m ^[[1m^[[94m---------------------------^[[0m ^[[1m^[[94msimilarly named enum `ZKAttestationError` defined here^[[0m
test	Run tests	2026-06-25T13:35:19.7312750Z ^[[1m^[[94m...^[[0m
test	Run tests	2026-06-25T13:35:19.7313420Z ^[[1m^[[94m105^[[0m ^[[1m^[[94m|^[[0m #[contractimpl]
test	Run tests	2026-06-25T13:35:19.7313880Z     ^[[1m^[[94m|^[[0m ^[[1m^[[91m^^^^^^^^^^^^^^^^[[0m
test	Run tests	2026-06-25T13:35:19.7314269Z     ^[[1m^[[94m|^[[0m
test	Run tests	2026-06-25T13:35:19.7315616Z     ^[[1m^[[94m= ^[[0m^[[1mnote^[[0m: this error originates in the attribute macro `soroban_sdk::contractargs` (in Nightly builds, run with -Z macro-backtrace for more info)
test	Run tests	2026-06-25T13:35:19.7316648Z ^[[1m^[[96mhelp^[[0m: an enum with a similar name exists
test	Run tests	2026-06-25T13:35:19.7317075Z     ^[[1m^[[94m|^[[0m
test	Run tests	2026-06-25T13:35:19.7317413Z ^[[1m^[[94m105^[[0m ^[[91m- #[contractimpl]^[[0m
test	Run tests	2026-06-25T13:35:19.7317859Z ^[[1m^[[94m105^[[0m ^[[92m+ ZKAttestationError^[[0m
test	Run tests	2026-06-25T13:35:19.7318264Z     ^[[1m^[[94m|^[[0m
test	Run tests	2026-06-25T13:35:19.7318418Z 
test	Run tests	2026-06-25T13:35:19.7356038Z ^[[1m^[[91merror[E0425]^[[0m^[[1m: cannot find type `ZKAttestation` in module `super`^[[0m
test	Run tests	2026-06-25T13:35:19.7357954Z ##[error]   ^[[1m^[[94m--> ^[[0msrc/zk_attestation.rs:106:6
test	Run tests	2026-06-25T13:35:19.7359856Z     ^[[1m^[[94m|^[[0m
test	Run tests	2026-06-25T13:35:19.7360409Z ^[[1m^[[94m106^[[0m ^[[1m^[[94m|^[[0m impl ZKAttestation {
test	Run tests	2026-06-25T13:35:19.7361054Z     ^[[1m^[[94m|^[[0m      ^[[1m^[[91m^^^^^^^^^^^^^^[[0m ^[[1m^[[91mnot found in `super`^[[0m
test	Run tests	2026-06-25T13:35:19.7361457Z 
test	Run tests	2026-06-25T13:35:19.8390580Z ^[[1m^[[91merror[E0433]^[[0m^[[1m: cannot find type `ZKAttestationContract` in this scope^[[0m
test	Run tests	2026-06-25T13:35:19.8392918Z ##[error]   ^[[1m^[[94m--> ^[[0msrc/integration_tests.rs:292:27
test	Run tests	2026-06-25T13:35:19.8395307Z     ^[[1m^[[94m|^[[0m
test	Run tests	2026-06-25T13:35:19.8396265Z ^[[1m^[[94m292^[[0m ^[[1m^[[94m|^[[0m     let register_result = ZKAttestationContract::register_circuit(
test	Run tests	2026-06-25T13:35:19.8397452Z     ^[[1m^[[94m|^[[0m                           ^[[1m^[[91m^^^^^^^^^^^^^^^^^^^^^^[[0m ^[[1m^[[91muse of undeclared type `ZKAttestationContract`^[[0m
test	Run tests	2026-06-25T13:35:19.8398239Z     ^[[1m^[[94m|^[[0m
test	Run tests	2026-06-25T13:35:19.8398723Z ^[[1m^[[96mhelp^[[0m: an enum with a similar name exists
test	Run tests	2026-06-25T13:35:19.8399251Z     ^[[1m^[[94m|^[[0m
test	Run tests	2026-06-25T13:35:19.8400077Z ^[[1m^[[94m292^[[0m ^[[91m- ^[[0m    let register_result = ^[[91mZKAttestationContract^[[0m::register_circuit(
test	Run tests	2026-06-25T13:35:19.8401531Z ^[[1m^[[94m292^[[0m ^[[92m+ ^[[0m    let register_result = ^[[92mZKAttestationError^[[0m::register_circuit(
test	Run tests	2026-06-25T13:35:19.8402302Z     ^[[1m^[[94m|^[[0m
test	Run tests	2026-06-25T13:35:19.8402752Z ^[[1m^[[96mhelp^[[0m: consider importing this struct
test	Run tests	2026-06-25T13:35:19.8403428Z     ^[[1m^[[94m|^[[0m
test	Run tests	2026-06-25T13:35:19.8404249Z ^[[1m^[[94m  3^[[0m ^[[92m+ use crate::zk_attestation::ZKAttestationContract;^[[0m
test	Run tests	2026-06-25T13:35:19.8404893Z     ^[[1m^[[94m|^[[0m
test	Run tests	2026-06-25T13:35:19.8405100Z 
test	Run tests	2026-06-25T13:35:19.8447604Z ^[[1m^[[91merror[E0433]^[[0m^[[1m: cannot find type `ZKAttestationContract` in this scope^[[0m
test	Run tests	2026-06-25T13:35:19.8449568Z ##[error]   ^[[1m^[[94m--> ^[[0msrc/integration_tests.rs:319:20
test	Run tests	2026-06-25T13:35:19.8451372Z     ^[[1m^[[94m|^[[0m
test	Run tests	2026-06-25T13:35:19.8452201Z ^[[1m^[[94m319^[[0m ^[[1m^[[94m|^[[0m     let proof_id = ZKAttestationContract::submit_proof(
test	Run tests	2026-06-25T13:35:19.8453068Z     ^[[1m^[[94m|^[[0m                    ^[[1m^[[91m^^^^^^^^^^^^^^^^^^^^^^[[0m ^[[1m^[[91muse of undeclared type `ZKAttestationContract`^[[0m
test	Run tests	2026-06-25T13:35:19.8453946Z     ^[[1m^[[94m|^[[0m
test	Run tests	2026-06-25T13:35:19.8454343Z ^[[1m^[[96mhelp^[[0m: an enum with a similar name exists
test	Run tests	2026-06-25T13:35:19.8454769Z     ^[[1m^[[94m|^[[0m
test	Run tests	2026-06-25T13:35:19.8455473Z ^[[1m^[[94m319^[[0m ^[[91m- ^[[0m    let proof_id = ^[[91mZKAttestationContract^[[0m::submit_proof(
test	Run tests	2026-06-25T13:35:19.8456396Z ^[[1m^[[94m319^[[0m ^[[92m+ ^[[0m    let proof_id = ^[[92mZKAttestationError^[[0m::submit_proof(
test	Run tests	2026-06-25T13:35:19.8457002Z     ^[[1m^[[94m|^[[0m
test	Run tests	2026-06-25T13:35:19.8457405Z ^[[1m^[[96mhelp^[[0m: consider importing this struct
test	Run tests	2026-06-25T13:35:19.8457862Z     ^[[1m^[[94m|^[[0m
test	Run tests	2026-06-25T13:35:19.8458415Z ^[[1m^[[94m  3^[[0m ^[[92m+ use crate::zk_attestation::ZKAttestationContract;^[[0m
test	Run tests	2026-06-25T13:35:19.8459017Z     ^[[1m^[[94m|^[[0m
test	Run tests	2026-06-25T13:35:19.8459190Z 
test	Run tests	2026-06-25T13:35:19.8499619Z ^[[1m^[[91merror[E0433]^[[0m^[[1m: cannot find type `ZKAttestationContract` in this scope^[[0m
test	Run tests	2026-06-25T13:35:19.8501435Z ##[error]   ^[[1m^[[94m--> ^[[0msrc/integration_tests.rs:332:25
test	Run tests	2026-06-25T13:35:19.8503464Z     ^[[1m^[[94m|^[[0m
test	Run tests	2026-06-25T13:35:19.8504390Z ^[[1m^[[94m332^[[0m ^[[1m^[[94m|^[[0m     let verify_result = ZKAttestationContract::verify_proof(env.clone(), proof_id.clone());
test	Run tests	2026-06-25T13:35:19.8505804Z     ^[[1m^[[94m|^[[0m                         ^[[1m^[[91m^^^^^^^^^^^^^^^^^^^^^^[[0m ^[[1m^[[91muse of undeclared type `ZKAttestationContract`^[[0m
test	Run tests	2026-06-25T13:35:19.8506504Z     ^[[1m^[[94m|^[[0m
test	Run tests	2026-06-25T13:35:19.8506927Z ^[[1m^[[96mhelp^[[0m: an enum with a similar name exists
test	Run tests	2026-06-25T13:35:19.8507397Z     ^[[1m^[[94m|^[[0m
test	Run tests	2026-06-25T13:35:19.8508283Z ^[[1m^[[94m332^[[0m ^[[91m- ^[[0m    let verify_result = ^[[91mZKAttestationContract^[[0m::verify_proof(env.clone(), proof_id.clone());
test	Run tests	2026-06-25T13:35:19.8509622Z ^[[1m^[[94m332^[[0m ^[[92m+ ^[[0m    let verify_result = ^[[92mZKAttestationError^[[0m::verify_proof(env.clone(), proof_id.clone());
test	Run tests	2026-06-25T13:35:19.8510422Z     ^[[1m^[[94m|^[[0m
test	Run tests	2026-06-25T13:35:19.8510827Z ^[[1m^[[96mhelp^[[0m: consider importing this struct
test	Run tests	2026-06-25T13:35:19.8511282Z     ^[[1m^[[94m|^[[0m
test	Run tests	2026-06-25T13:35:19.8511840Z ^[[1m^[[94m  3^[[0m ^[[92m+ use crate::zk_attestation::ZKAttestationContract;^[[0m
test	Run tests	2026-06-25T13:35:19.8512419Z     ^[[1m^[[94m|^[[0m
test	Run tests	2026-06-25T13:35:19.8512600Z 
test	Run tests	2026-06-25T13:35:19.8550410Z ^[[1m^[[91merror[E0433]^[[0m^[[1m: cannot find type `ZKAttestationContract` in this scope^[[0m
test	Run tests	2026-06-25T13:35:19.8552202Z ##[error]   ^[[1m^[[94m--> ^[[0msrc/integration_tests.rs:336:21
test	Run tests	2026-06-25T13:35:19.8554213Z     ^[[1m^[[94m|^[[0m
test	Run tests	2026-06-25T13:35:19.8555304Z ^[[1m^[[94m336^[[0m ^[[1m^[[94m|^[[0m     let retrieved = ZKAttestationContract::get_proof(env.clone(), proof_id.clone());
test	Run tests	2026-06-25T13:35:19.8556358Z     ^[[1m^[[94m|^[[0m                     ^[[1m^[[91m^^^^^^^^^^^^^^^^^^^^^^[[0m ^[[1m^[[91muse of undeclared type `ZKAttestationContract`^[[0m
test	Run tests	2026-06-25T13:35:19.8556956Z     ^[[1m^[[94m|^[[0m
test	Run tests	2026-06-25T13:35:19.8557317Z ^[[1m^[[96mhelp^[[0m: an enum with a similar name exists
test	Run tests	2026-06-25T13:35:19.8557715Z     ^[[1m^[[94m|^[[0m
test	Run tests	2026-06-25T13:35:19.8558418Z ^[[1m^[[94m336^[[0m ^[[91m- ^[[0m    let retrieved = ^[[91mZKAttestationContract^[[0m::get_proof(env.clone(), proof_id.clone());
test	Run tests	2026-06-25T13:35:19.8559746Z ^[[1m^[[94m336^[[0m ^[[92m+ ^[[0m    let retrieved = ^[[92mZKAttestationError^[[0m::get_proof(env.clone(), proof_id.clone());
test	Run tests	2026-06-25T13:35:19.8560396Z     ^[[1m^[[94m|^[[0m
test	Run tests	2026-06-25T13:35:19.8560740Z ^[[1m^[[96mhelp^[[0m: consider importing this struct
test	Run tests	2026-06-25T13:35:19.8561124Z     ^[[1m^[[94m|^[[0m
test	Run tests	2026-06-25T13:35:19.8561597Z ^[[1m^[[94m  3^[[0m ^[[92m+ use crate::zk_attestation::ZKAttestationContract;^[[0m
test	Run tests	2026-06-25T13:35:19.8562080Z     ^[[1m^[[94m|^[[0m
test	Run tests	2026-06-25T13:35:19.8562222Z 
test	Run tests	2026-06-25T13:35:19.8598990Z ^[[1m^[[91merror[E0433]^[[0m^[[1m: cannot find type `ZKAttestationContract` in this scope^[[0m
test	Run tests	2026-06-25T13:35:19.8600363Z ##[error]   ^[[1m^[[94m--> ^[[0msrc/integration_tests.rs:339:20
test	Run tests	2026-06-25T13:35:19.8601536Z     ^[[1m^[[94m|^[[0m
test	Run tests	2026-06-25T13:35:19.8602252Z ^[[1m^[[94m339^[[0m ^[[1m^[[94m|^[[0m     let circuits = ZKAttestationContract::get_active_circuits(env.clone());
test	Run tests	2026-06-25T13:35:19.8603468Z     ^[[1m^[[94m|^[[0m                    ^[[1m^[[91m^^^^^^^^^^^^^^^^^^^^^^[[0m ^[[1m^[[91muse of undeclared type `ZKAttestationContract`^[[0m
test	Run tests	2026-06-25T13:35:19.8604096Z     ^[[1m^[[94m|^[[0m
test	Run tests	2026-06-25T13:35:19.8604483Z ^[[1m^[[96mhelp^[[0m: an enum with a similar name exists
test	Run tests	2026-06-25T13:35:19.8604902Z     ^[[1m^[[94m|^[[0m
test	Run tests	2026-06-25T13:35:19.8605613Z ^[[1m^[[94m339^[[0m ^[[91m- ^[[0m    let circuits = ^[[91mZKAttestationContract^[[0m::get_active_circuits(env.clone());
test	Run tests	2026-06-25T13:35:19.8606578Z ^[[1m^[[94m339^[[0m ^[[92m+ ^[[0m    let circuits = ^[[92mZKAttestationError^[[0m::get_active_circuits(env.clone());
test	Run tests	2026-06-25T13:35:19.8607132Z     ^[[1m^[[94m|^[[0m
test	Run tests	2026-06-25T13:35:19.8607450Z ^[[1m^[[96mhelp^[[0m: consider importing this struct
test	Run tests	2026-06-25T13:35:19.8607809Z     ^[[1m^[[94m|^[[0m
test	Run tests	2026-06-25T13:35:19.8608245Z ^[[1m^[[94m  3^[[0m ^[[92m+ use crate::zk_attestation::ZKAttestationContract;^[[0m
test	Run tests	2026-06-25T13:35:19.8608687Z     ^[[1m^[[94m|^[[0m
test	Run tests	2026-06-25T13:35:19.8608821Z 
test	Run tests	2026-06-25T13:35:19.9774163Z ^[[1m^[[91merror[E0659]^[[0m^[[1m: `vec` is ambiguous^[[0m
test	Run tests	2026-06-25T13:35:19.9776826Z ##[error]  ^[[1m^[[94m--> ^[[0msrc/fuzz_test_script.rs:88:67
test	Run tests	2026-06-25T13:35:19.9779597Z    ^[[1m^[[94m|^[[0m
test	Run tests	2026-06-25T13:35:19.9781782Z ^[[1m^[[94m88^[[0m ^[[1m^[[94m|^[[0m             DIDRegistry::create_did(env.clone(), controller, did, vec![&env, vm], Vec::new(&env));
test	Run tests	2026-06-25T13:35:19.9784905Z    ^[[1m^[[94m|^[[0m                                                                   ^[[1m^[[91m^^^^[[0m ^[[1m^[[91mambiguous name^[[0m
test	Run tests	2026-06-25T13:35:19.9786467Z    ^[[1m^[[94m|^[[0m
test	Run tests	2026-06-25T13:35:19.9788600Z    ^[[1m^[[94m= ^[[0m^[[1mnote^[[0m: ambiguous because of a conflict between a name from a glob import and an outer scope during import or macro resolution
test	Run tests	2026-06-25T13:35:19.9790223Z ^[[1m^[[92mnote^[[0m: `vec` could refer to the macro imported here
test	Run tests	2026-06-25T13:35:19.9791202Z   ^[[1m^[[94m--> ^[[0msrc/fuzz_test_script.rs:76:9
test	Run tests	2026-06-25T13:35:19.9791990Z    ^[[1m^[[94m|^[[0m
test	Run tests	2026-06-25T13:35:19.9792879Z ^[[1m^[[94m76^[[0m ^[[1m^[[94m|^[[0m     use super::*;
test	Run tests	2026-06-25T13:35:19.9793590Z    ^[[1m^[[94m|^[[0m         ^[[1m^[[92m^^^^^^^^^[[0m
test	Run tests	2026-06-25T13:35:19.9794340Z    ^[[1m^[[94m= ^[[0m^[[1mhelp^[[0m: consider adding an explicit import of `vec` to disambiguate
test	Run tests	2026-06-25T13:35:19.9795622Z    ^[[1m^[[94m= ^[[0m^[[1mhelp^[[0m: or use `self::vec` to refer to this macro unambiguously
test	Run tests	2026-06-25T13:35:19.9796915Z ^[[1m^[[92mnote^[[0m: `vec` could also refer to a macro from prelude
test	Run tests	2026-06-25T13:35:19.9798175Z   ^[[1m^[[94m--> ^[[0m/rustc/ac68faa20c58cbccd01ee7208bf3b6e93a7d7f96/library/std/src/prelude/mod.rs:143:12
test	Run tests	2026-06-25T13:35:19.9799047Z 
test	Run tests	2026-06-25T13:35:19.9799461Z ^[[1m^[[91merror[E0659]^[[0m^[[1m: `vec` is ambiguous^[[0m
test	Run tests	2026-06-25T13:35:19.9800627Z ##[error]   ^[[1m^[[94m--> ^[[0msrc/fuzz_test_script.rs:105:13
test	Run tests	2026-06-25T13:35:19.9801888Z     ^[[1m^[[94m|^[[0m
test	Run tests	2026-06-25T13:35:19.9802402Z ^[[1m^[[94m105^[[0m ^[[1m^[[94m|^[[0m             vec![&env, vm],
test	Run tests	2026-06-25T13:35:19.9803038Z     ^[[1m^[[94m|^[[0m             ^[[1m^[[91m^^^^[[0m ^[[1m^[[91mambiguous name^[[0m
test	Run tests	2026-06-25T13:35:19.9803802Z     ^[[1m^[[94m|^[[0m
test	Run tests	2026-06-25T13:35:19.9804754Z     ^[[1m^[[94m= ^[[0m^[[1mnote^[[0m: ambiguous because of a conflict between a name from a glob import and an outer scope during import or macro resolution
test	Run tests	2026-06-25T13:35:19.9806089Z ^[[1m^[[92mnote^[[0m: `vec` could refer to the macro imported here
test	Run tests	2026-06-25T13:35:19.9806693Z    ^[[1m^[[94m--> ^[[0msrc/fuzz_test_script.rs:76:9
test	Run tests	2026-06-25T13:35:19.9807142Z     ^[[1m^[[94m|^[[0m
test	Run tests	2026-06-25T13:35:19.9807619Z ^[[1m^[[94m 76^[[0m ^[[1m^[[94m|^[[0m     use super::*;
test	Run tests	2026-06-25T13:35:19.9808114Z     ^[[1m^[[94m|^[[0m         ^[[1m^[[92m^^^^^^^^^[[0m
test	Run tests	2026-06-25T13:35:19.9808716Z     ^[[1m^[[94m= ^[[0m^[[1mhelp^[[0m: consider adding an explicit import of `vec` to disambiguate
test	Run tests	2026-06-25T13:35:19.9809401Z     ^[[1m^[[94m= ^[[0m^[[1mhelp^[[0m: or use `self::vec` to refer to this macro unambiguously
test	Run tests	2026-06-25T13:35:19.9809945Z ^[[1m^[[92mnote^[[0m: `vec` could also refer to a macro from prelude
test	Run tests	2026-06-25T13:35:19.9810604Z    ^[[1m^[[94m--> ^[[0m/rustc/ac68faa20c58cbccd01ee7208bf3b6e93a7d7f96/library/std/src/prelude/mod.rs:143:12
test	Run tests	2026-06-25T13:35:19.9811035Z 
test	Run tests	2026-06-25T13:35:19.9811286Z ^[[1m^[[91merror[E0659]^[[0m^[[1m: `vec` is ambiguous^[[0m
test	Run tests	2026-06-25T13:35:19.9811970Z ##[error]   ^[[1m^[[94m--> ^[[0msrc/fuzz_test_script.rs:122:13
test	Run tests	2026-06-25T13:35:19.9812803Z     ^[[1m^[[94m|^[[0m
test	Run tests	2026-06-25T13:35:19.9813150Z ^[[1m^[[94m122^[[0m ^[[1m^[[94m|^[[0m             vec![&env, vm],
test	Run tests	2026-06-25T13:35:19.9813794Z     ^[[1m^[[94m|^[[0m             ^[[1m^[[91m^^^^[[0m ^[[1m^[[91mambiguous name^[[0m
test	Run tests	2026-06-25T13:35:19.9814164Z     ^[[1m^[[94m|^[[0m
test	Run tests	2026-06-25T13:35:19.9814829Z     ^[[1m^[[94m= ^[[0m^[[1mnote^[[0m: ambiguous because of a conflict between a name from a glob import and an outer scope during import or macro resolution
test	Run tests	2026-06-25T13:35:19.9815591Z ^[[1m^[[92mnote^[[0m: `vec` could refer to the macro imported here
test	Run tests	2026-06-25T13:35:19.9816016Z    ^[[1m^[[94m--> ^[[0msrc/fuzz_test_script.rs:76:9
test	Run tests	2026-06-25T13:35:19.9816340Z     ^[[1m^[[94m|^[[0m
test	Run tests	2026-06-25T13:35:19.9816666Z ^[[1m^[[94m 76^[[0m ^[[1m^[[94m|^[[0m     use super::*;
test	Run tests	2026-06-25T13:35:19.9817026Z     ^[[1m^[[94m|^[[0m         ^[[1m^[[92m^^^^^^^^^[[0m
test	Run tests	2026-06-25T13:35:19.9817515Z     ^[[1m^[[94m= ^[[0m^[[1mhelp^[[0m: consider adding an explicit import of `vec` to disambiguate
test	Run tests	2026-06-25T13:35:19.9818162Z     ^[[1m^[[94m= ^[[0m^[[1mhelp^[[0m: or use `self::vec` to refer to this macro unambiguously
test	Run tests	2026-06-25T13:35:19.9818873Z ^[[1m^[[92mnote^[[0m: `vec` could also refer to a macro from prelude
test	Run tests	2026-06-25T13:35:19.9819528Z    ^[[1m^[[94m--> ^[[0m/rustc/ac68faa20c58cbccd01ee7208bf3b6e93a7d7f96/library/std/src/prelude/mod.rs:143:12
test	Run tests	2026-06-25T13:35:19.9819942Z 
test	Run tests	2026-06-25T13:35:19.9820183Z ^[[1m^[[91merror[E0659]^[[0m^[[1m: `vec` is ambiguous^[[0m
test	Run tests	2026-06-25T13:35:19.9820857Z ##[error]   ^[[1m^[[94m--> ^[[0msrc/fuzz_test_script.rs:139:13
test	Run tests	2026-06-25T13:35:19.9821623Z     ^[[1m^[[94m|^[[0m
test	Run tests	2026-06-25T13:35:19.9821939Z ^[[1m^[[94m139^[[0m ^[[1m^[[94m|^[[0m             vec![&env, vm],
test	Run tests	2026-06-25T13:35:19.9822370Z     ^[[1m^[[94m|^[[0m             ^[[1m^[[91m^^^^[[0m ^[[1m^[[91mambiguous name^[[0m
test	Run tests	2026-06-25T13:35:19.9822727Z     ^[[1m^[[94m|^[[0m
test	Run tests	2026-06-25T13:35:19.9823534Z     ^[[1m^[[94m= ^[[0m^[[1mnote^[[0m: ambiguous because of a conflict between a name from a glob import and an outer scope during import or macro resolution
test	Run tests	2026-06-25T13:35:19.9824272Z ^[[1m^[[92mnote^[[0m: `vec` could refer to the macro imported here
test	Run tests	2026-06-25T13:35:19.9824686Z    ^[[1m^[[94m--> ^[[0msrc/fuzz_test_script.rs:76:9
test	Run tests	2026-06-25T13:35:19.9824995Z     ^[[1m^[[94m|^[[0m
test	Run tests	2026-06-25T13:35:19.9825328Z ^[[1m^[[94m 76^[[0m ^[[1m^[[94m|^[[0m     use super::*;
test	Run tests	2026-06-25T13:35:19.9825672Z     ^[[1m^[[94m|^[[0m         ^[[1m^[[92m^^^^^^^^^[[0m
test	Run tests	2026-06-25T13:35:19.9826181Z     ^[[1m^[[94m= ^[[0m^[[1mhelp^[[0m: consider adding an explicit import of `vec` to disambiguate
test	Run tests	2026-06-25T13:35:19.9826802Z     ^[[1m^[[94m= ^[[0m^[[1mhelp^[[0m: or use `self::vec` to refer to this macro unambiguously
test	Run tests	2026-06-25T13:35:19.9827335Z ^[[1m^[[92mnote^[[0m: `vec` could also refer to a macro from prelude
test	Run tests	2026-06-25T13:35:19.9827977Z    ^[[1m^[[94m--> ^[[0m/rustc/ac68faa20c58cbccd01ee7208bf3b6e93a7d7f96/library/std/src/prelude/mod.rs:143:12
test	Run tests	2026-06-25T13:35:19.9828390Z 
test	Run tests	2026-06-25T13:35:19.9828603Z ^[[1m^[[91merror[E0659]^[[0m^[[1m: `vec` is ambiguous^[[0m
test	Run tests	2026-06-25T13:35:19.9829381Z ##[error]   ^[[1m^[[94m--> ^[[0msrc/fuzz_test_script.rs:175:13
test	Run tests	2026-06-25T13:35:19.9830129Z     ^[[1m^[[94m|^[[0m
test	Run tests	2026-06-25T13:35:19.9830472Z ^[[1m^[[94m175^[[0m ^[[1m^[[94m|^[[0m             vec![&env, vm.clone()],
test	Run tests	2026-06-25T13:35:19.9830932Z     ^[[1m^[[94m|^[[0m             ^[[1m^[[91m^^^^[[0m ^[[1m^[[91mambiguous name^[[0m
test	Run tests	2026-06-25T13:35:19.9831293Z     ^[[1m^[[94m|^[[0m
test	Run tests	2026-06-25T13:35:19.9831928Z     ^[[1m^[[94m= ^[[0m^[[1mnote^[[0m: ambiguous because of a conflict between a name from a glob import and an outer scope during import or macro resolution
test	Run tests	2026-06-25T13:35:19.9832647Z ^[[1m^[[92mnote^[[0m: `vec` could refer to the macro imported here
test	Run tests	2026-06-25T13:35:19.9833048Z    ^[[1m^[[94m--> ^[[0msrc/fuzz_test_script.rs:76:9
test	Run tests	2026-06-25T13:35:19.9833519Z     ^[[1m^[[94m|^[[0m
test	Run tests	2026-06-25T13:35:19.9833840Z ^[[1m^[[94m 76^[[0m ^[[1m^[[94m|^[[0m     use super::*;
test	Run tests	2026-06-25T13:35:19.9834186Z     ^[[1m^[[94m|^[[0m         ^[[1m^[[92m^^^^^^^^^[[0m
test	Run tests	2026-06-25T13:35:19.9834663Z     ^[[1m^[[94m= ^[[0m^[[1mhelp^[[0m: consider adding an explicit import of `vec` to disambiguate
test	Run tests	2026-06-25T13:35:19.9835290Z     ^[[1m^[[94m= ^[[0m^[[1mhelp^[[0m: or use `self::vec` to refer to this macro unambiguously
test	Run tests	2026-06-25T13:35:19.9835810Z ^[[1m^[[92mnote^[[0m: `vec` could also refer to a macro from prelude
test	Run tests	2026-06-25T13:35:19.9836445Z    ^[[1m^[[94m--> ^[[0m/rustc/ac68faa20c58cbccd01ee7208bf3b6e93a7d7f96/library/std/src/prelude/mod.rs:143:12
test	Run tests	2026-06-25T13:35:19.9836859Z 
test	Run tests	2026-06-25T13:35:19.9837070Z ^[[1m^[[91merror[E0659]^[[0m^[[1m: `vec` is ambiguous^[[0m
test	Run tests	2026-06-25T13:35:19.9837673Z ##[error]   ^[[1m^[[94m--> ^[[0msrc/fuzz_test_script.rs:181:67
test	Run tests	2026-06-25T13:35:19.9838407Z     ^[[1m^[[94m|^[[0m
test	Run tests	2026-06-25T13:35:19.9839014Z ^[[1m^[[94m181^[[0m ^[[1m^[[94m|^[[0m             DIDRegistry::create_did(env.clone(), controller, did, vec![&env, vm], Vec::new(&env));
test	Run tests	2026-06-25T13:35:19.9839750Z     ^[[1m^[[94m|^[[0m                                                                   ^[[1m^[[91m^^^^[[0m ^[[1m^[[91mambiguous name^[[0m
test	Run tests	2026-06-25T13:35:19.9840169Z     ^[[1m^[[94m|^[[0m
test	Run tests	2026-06-25T13:35:19.9840815Z     ^[[1m^[[94m= ^[[0m^[[1mnote^[[0m: ambiguous because of a conflict between a name from a glob import and an outer scope during import or macro resolution
test	Run tests	2026-06-25T13:35:19.9841750Z ^[[1m^[[92mnote^[[0m: `vec` could refer to the macro imported here
test	Run tests	2026-06-25T13:35:19.9842164Z    ^[[1m^[[94m--> ^[[0msrc/fuzz_test_script.rs:76:9
test	Run tests	2026-06-25T13:35:19.9842471Z     ^[[1m^[[94m|^[[0m
test	Run tests	2026-06-25T13:35:19.9842786Z ^[[1m^[[94m 76^[[0m ^[[1m^[[94m|^[[0m     use super::*;
test	Run tests	2026-06-25T13:35:19.9843128Z     ^[[1m^[[94m|^[[0m         ^[[1m^[[92m^^^^^^^^^[[0m
test	Run tests	2026-06-25T13:35:19.9843779Z     ^[[1m^[[94m= ^[[0m^[[1mhelp^[[0m: consider adding an explicit import of `vec` to disambiguate
test	Run tests	2026-06-25T13:35:19.9844395Z     ^[[1m^[[94m= ^[[0m^[[1mhelp^[[0m: or use `self::vec` to refer to this macro unambiguously
test	Run tests	2026-06-25T13:35:19.9844904Z ^[[1m^[[92mnote^[[0m: `vec` could also refer to a macro from prelude
test	Run tests	2026-06-25T13:35:19.9845541Z    ^[[1m^[[94m--> ^[[0m/rustc/ac68faa20c58cbccd01ee7208bf3b6e93a7d7f96/library/std/src/prelude/mod.rs:143:12
test	Run tests	2026-06-25T13:35:19.9845961Z 
test	Run tests	2026-06-25T13:35:19.9846178Z ^[[1m^[[91merror[E0659]^[[0m^[[1m: `vec` is ambiguous^[[0m
test	Run tests	2026-06-25T13:35:19.9846785Z ##[error]   ^[[1m^[[94m--> ^[[0msrc/fuzz_test_script.rs:202:13
test	Run tests	2026-06-25T13:35:19.9847535Z     ^[[1m^[[94m|^[[0m
test	Run tests	2026-06-25T13:35:19.9847837Z ^[[1m^[[94m202^[[0m ^[[1m^[[94m|^[[0m             vec![&env, vm],
test	Run tests	2026-06-25T13:35:19.9848273Z     ^[[1m^[[94m|^[[0m             ^[[1m^[[91m^^^^[[0m ^[[1m^[[91mambiguous name^[[0m
test	Run tests	2026-06-25T13:35:19.9848622Z     ^[[1m^[[94m|^[[0m
test	Run tests	2026-06-25T13:35:19.9849260Z     ^[[1m^[[94m= ^[[0m^[[1mnote^[[0m: ambiguous because of a conflict between a name from a glob import and an outer scope during import or macro resolution
test	Run tests	2026-06-25T13:35:19.9849974Z ^[[1m^[[92mnote^[[0m: `vec` could refer to the macro imported here
test	Run tests	2026-06-25T13:35:19.9850374Z    ^[[1m^[[94m--> ^[[0msrc/fuzz_test_script.rs:76:9
test	Run tests	2026-06-25T13:35:19.9850677Z     ^[[1m^[[94m|^[[0m
test	Run tests	2026-06-25T13:35:19.9850988Z ^[[1m^[[94m 76^[[0m ^[[1m^[[94m|^[[0m     use super::*;
test	Run tests	2026-06-25T13:35:19.9851337Z     ^[[1m^[[94m|^[[0m         ^[[1m^[[92m^^^^^^^^^[[0m
test	Run tests	2026-06-25T13:35:19.9851971Z     ^[[1m^[[94m= ^[[0m^[[1mhelp^[[0m: consider adding an explicit import of `vec` to disambiguate
test	Run tests	2026-06-25T13:35:19.9852588Z     ^[[1m^[[94m= ^[[0m^[[1mhelp^[[0m: or use `self::vec` to refer to this macro unambiguously
test	Run tests	2026-06-25T13:35:19.9853099Z ^[[1m^[[92mnote^[[0m: `vec` could also refer to a macro from prelude
test	Run tests	2026-06-25T13:35:19.9853917Z    ^[[1m^[[94m--> ^[[0m/rustc/ac68faa20c58cbccd01ee7208bf3b6e93a7d7f96/library/std/src/prelude/mod.rs:143:12
test	Run tests	2026-06-25T13:35:19.9854319Z 
test	Run tests	2026-06-25T13:35:19.9854537Z ^[[1m^[[91merror[E0659]^[[0m^[[1m: `vec` is ambiguous^[[0m
test	Run tests	2026-06-25T13:35:19.9855151Z ##[error]   ^[[1m^[[94m--> ^[[0msrc/fuzz_test_script.rs:231:13
test	Run tests	2026-06-25T13:35:19.9855893Z     ^[[1m^[[94m|^[[0m
test	Run tests	2026-06-25T13:35:19.9856383Z ^[[1m^[[94m231^[[0m ^[[1m^[[94m|^[[0m             vec![&env, Bytes::from_slice(&env, b"IdentityCredential")],
test	Run tests	2026-06-25T13:35:19.9856927Z     ^[[1m^[[94m|^[[0m             ^[[1m^[[91m^^^^[[0m ^[[1m^[[91mambiguous name^[[0m
test	Run tests	2026-06-25T13:35:19.9857285Z     ^[[1m^[[94m|^[[0m
test	Run tests	2026-06-25T13:35:19.9857924Z     ^[[1m^[[94m= ^[[0m^[[1mnote^[[0m: ambiguous because of a conflict between a name from a glob import and an outer scope during import or macro resolution
test	Run tests	2026-06-25T13:35:19.9858661Z ^[[1m^[[92mnote^[[0m: `vec` could refer to the macro imported here
test	Run tests	2026-06-25T13:35:19.9859072Z    ^[[1m^[[94m--> ^[[0msrc/fuzz_test_script.rs:215:9
test	Run tests	2026-06-25T13:35:19.9859394Z     ^[[1m^[[94m|^[[0m
test	Run tests	2026-06-25T13:35:19.9859701Z ^[[1m^[[94m215^[[0m ^[[1m^[[94m|^[[0m     use super::*;
test	Run tests	2026-06-25T13:35:19.9860047Z     ^[[1m^[[94m|^[[0m         ^[[1m^[[92m^^^^^^^^^[[0m
test	Run tests	2026-06-25T13:35:19.9860552Z     ^[[1m^[[94m= ^[[0m^[[1mhelp^[[0m: consider adding an explicit import of `vec` to disambiguate
test	Run tests	2026-06-25T13:35:19.9861200Z     ^[[1m^[[94m= ^[[0m^[[1mhelp^[[0m: or use `self::vec` to refer to this macro unambiguously
test	Run tests	2026-06-25T13:35:19.9861733Z ^[[1m^[[92mnote^[[0m: `vec` could also refer to a macro from prelude
test	Run tests	2026-06-25T13:35:19.9862388Z    ^[[1m^[[94m--> ^[[0m/rustc/ac68faa20c58cbccd01ee7208bf3b6e93a7d7f96/library/std/src/prelude/mod.rs:143:12
test	Run tests	2026-06-25T13:35:19.9862802Z 
test	Run tests	2026-06-25T13:35:19.9863017Z ^[[1m^[[91merror[E0659]^[[0m^[[1m: `vec` is ambiguous^[[0m
test	Run tests	2026-06-25T13:35:19.9863787Z ##[error]   ^[[1m^[[94m--> ^[[0msrc/fuzz_test_script.rs:254:13
test	Run tests	2026-06-25T13:35:19.9864721Z     ^[[1m^[[94m|^[[0m
test	Run tests	2026-06-25T13:35:19.9865160Z ^[[1m^[[94m254^[[0m ^[[1m^[[94m|^[[0m             vec![&env, Bytes::from_slice(&env, b"Test")],
test	Run tests	2026-06-25T13:35:19.9865662Z     ^[[1m^[[94m|^[[0m             ^[[1m^[[91m^^^^[[0m ^[[1m^[[91mambiguous name^[[0m
test	Run tests	2026-06-25T13:35:19.9866013Z     ^[[1m^[[94m|^[[0m
test	Run tests	2026-06-25T13:35:19.9866660Z     ^[[1m^[[94m= ^[[0m^[[1mnote^[[0m: ambiguous because of a conflict between a name from a glob import and an outer scope during import or macro resolution
test	Run tests	2026-06-25T13:35:19.9867382Z ^[[1m^[[92mnote^[[0m: `vec` could refer to the macro imported here
test	Run tests	2026-06-25T13:35:19.9867792Z    ^[[1m^[[94m--> ^[[0msrc/fuzz_test_script.rs:215:9
test	Run tests	2026-06-25T13:35:19.9868101Z     ^[[1m^[[94m|^[[0m
test	Run tests	2026-06-25T13:35:19.9868424Z ^[[1m^[[94m215^[[0m ^[[1m^[[94m|^[[0m     use super::*;
test	Run tests	2026-06-25T13:35:19.9868779Z     ^[[1m^[[94m|^[[0m         ^[[1m^[[92m^^^^^^^^^[[0m
test	Run tests	2026-06-25T13:35:19.9869263Z     ^[[1m^[[94m= ^[[0m^[[1mhelp^[[0m: consider adding an explicit import of `vec` to disambiguate
test	Run tests	2026-06-25T13:35:19.9869880Z     ^[[1m^[[94m= ^[[0m^[[1mhelp^[[0m: or use `self::vec` to refer to this macro unambiguously
test	Run tests	2026-06-25T13:35:19.9870403Z ^[[1m^[[92mnote^[[0m: `vec` could also refer to a macro from prelude
test	Run tests	2026-06-25T13:35:19.9871042Z    ^[[1m^[[94m--> ^[[0m/rustc/ac68faa20c58cbccd01ee7208bf3b6e93a7d7f96/library/std/src/prelude/mod.rs:143:12
test	Run tests	2026-06-25T13:35:19.9871449Z 
test	Run tests	2026-06-25T13:35:19.9871658Z ^[[1m^[[91merror[E0659]^[[0m^[[1m: `vec` is ambiguous^[[0m
test	Run tests	2026-06-25T13:35:19.9872273Z ##[error]   ^[[1m^[[94m--> ^[[0msrc/fuzz_test_script.rs:298:13
test	Run tests	2026-06-25T13:35:19.9873059Z     ^[[1m^[[94m|^[[0m
test	Run tests	2026-06-25T13:35:19.9873700Z ^[[1m^[[94m298^[[0m ^[[1m^[[94m|^[[0m             vec![&env, Bytes::from_slice(&env, b"IdentityCredential")],
test	Run tests	2026-06-25T13:35:19.9874247Z     ^[[1m^[[94m|^[[0m             ^[[1m^[[91m^^^^[[0m ^[[1m^[[91mambiguous name^[[0m
test	Run tests	2026-06-25T13:35:19.9874764Z     ^[[1m^[[94m|^[[0m
test	Run tests	2026-06-25T13:35:19.9875399Z     ^[[1m^[[94m= ^[[0m^[[1mnote^[[0m: ambiguous because of a conflict between a name from a glob import and an outer scope during import or macro resolution
test	Run tests	2026-06-25T13:35:19.9876131Z ^[[1m^[[92mnote^[[0m: `vec` could refer to the macro imported here
test	Run tests	2026-06-25T13:35:19.9876541Z    ^[[1m^[[94m--> ^[[0msrc/fuzz_test_script.rs:215:9
test	Run tests	2026-06-25T13:35:19.9876862Z     ^[[1m^[[94m|^[[0m
test	Run tests	2026-06-25T13:35:19.9877173Z ^[[1m^[[94m215^[[0m ^[[1m^[[94m|^[[0m     use super::*;
test	Run tests	2026-06-25T13:35:19.9877518Z     ^[[1m^[[94m|^[[0m         ^[[1m^[[92m^^^^^^^^^[[0m
test	Run tests	2026-06-25T13:35:19.9877999Z     ^[[1m^[[94m= ^[[0m^[[1mhelp^[[0m: consider adding an explicit import of `vec` to disambiguate
test	Run tests	2026-06-25T13:35:19.9878626Z     ^[[1m^[[94m= ^[[0m^[[1mhelp^[[0m: or use `self::vec` to refer to this macro unambiguously
test	Run tests	2026-06-25T13:35:19.9879142Z ^[[1m^[[92mnote^[[0m: `vec` could also refer to a macro from prelude
test	Run tests	2026-06-25T13:35:19.9879774Z    ^[[1m^[[94m--> ^[[0m/rustc/ac68faa20c58cbccd01ee7208bf3b6e93a7d7f96/library/std/src/prelude/mod.rs:143:12
test	Run tests	2026-06-25T13:35:19.9880182Z 
test	Run tests	2026-06-25T13:35:19.9880411Z ^[[1m^[[91merror[E0659]^[[0m^[[1m: `vec` is ambiguous^[[0m
test	Run tests	2026-06-25T13:35:19.9881034Z ##[error]   ^[[1m^[[94m--> ^[[0msrc/fuzz_test_script.rs:313:30
test	Run tests	2026-06-25T13:35:19.9881791Z     ^[[1m^[[94m|^[[0m
test	Run tests	2026-06-25T13:35:19.9882324Z ^[[1m^[[94m313^[[0m ^[[1m^[[94m|^[[0m         let oversized_type = vec![&env, Bytes::from_slice(&env, &[b'X'; 5_000])];
test	Run tests	2026-06-25T13:35:19.9882926Z     ^[[1m^[[94m|^[[0m                              ^[[1m^[[91m^^^^[[0m ^[[1m^[[91mambiguous name^[[0m
test	Run tests	2026-06-25T13:35:19.9883457Z     ^[[1m^[[94m|^[[0m
test	Run tests	2026-06-25T13:35:19.9884097Z     ^[[1m^[[94m= ^[[0m^[[1mnote^[[0m: ambiguous because of a conflict between a name from a glob import and an outer scope during import or macro resolution
test	Run tests	2026-06-25T13:35:19.9884830Z ^[[1m^[[92mnote^[[0m: `vec` could refer to the macro imported here
test	Run tests	2026-06-25T13:35:19.9885238Z    ^[[1m^[[94m--> ^[[0msrc/fuzz_test_script.rs:215:9
test	Run tests	2026-06-25T13:35:19.9885552Z     ^[[1m^[[94m|^[[0m
test	Run tests	2026-06-25T13:35:19.9885866Z ^[[1m^[[94m215^[[0m ^[[1m^[[94m|^[[0m     use super::*;
test	Run tests	2026-06-25T13:35:19.9886204Z     ^[[1m^[[94m|^[[0m         ^[[1m^[[92m^^^^^^^^^[[0m
test	Run tests	2026-06-25T13:35:19.9886853Z     ^[[1m^[[94m= ^[[0m^[[1mhelp^[[0m: consider adding an explicit import of `vec` to disambiguate
test	Run tests	2026-06-25T13:35:19.9887481Z     ^[[1m^[[94m= ^[[0m^[[1mhelp^[[0m: or use `self::vec` to refer to this macro unambiguously
test	Run tests	2026-06-25T13:35:19.9887997Z ^[[1m^[[92mnote^[[0m: `vec` could also refer to a macro from prelude
test	Run tests	2026-06-25T13:35:19.9888627Z    ^[[1m^[[94m--> ^[[0m/rustc/ac68faa20c58cbccd01ee7208bf3b6e93a7d7f96/library/std/src/prelude/mod.rs:143:12
test	Run tests	2026-06-25T13:35:19.9889033Z 
test	Run tests	2026-06-25T13:35:19.9889287Z ^[[1m^[[91merror[E0659]^[[0m^[[1m: `vec` is ambiguous^[[0m
test	Run tests	2026-06-25T13:35:19.9889957Z ##[error]   ^[[1m^[[94m--> ^[[0msrc/fuzz_test_script.rs:358:13
test	Run tests	2026-06-25T13:35:19.9890709Z     ^[[1m^[[94m|^[[0m
test	Run tests	2026-06-25T13:35:19.9891181Z ^[[1m^[[94m358^[[0m ^[[1m^[[94m|^[[0m             vec![&env, Bytes::from_slice(&env, b"IdentityCredential")],
test	Run tests	2026-06-25T13:35:19.9891725Z     ^[[1m^[[94m|^[[0m             ^[[1m^[[91m^^^^[[0m ^[[1m^[[91mambiguous name^[[0m
test	Run tests	2026-06-25T13:35:19.9892077Z     ^[[1m^[[94m|^[[0m
test	Run tests	2026-06-25T13:35:19.9892714Z     ^[[1m^[[94m= ^[[0m^[[1mnote^[[0m: ambiguous because of a conflict between a name from a glob import and an outer scope during import or macro resolution
test	Run tests	2026-06-25T13:35:19.9893600Z ^[[1m^[[92mnote^[[0m: `vec` could refer to the macro imported here
test	Run tests	2026-06-25T13:35:19.9894010Z    ^[[1m^[[94m--> ^[[0msrc/fuzz_test_script.rs:215:9
test	Run tests	2026-06-25T13:35:19.9894323Z     ^[[1m^[[94m|^[[0m
test	Run tests	2026-06-25T13:35:19.9894642Z ^[[1m^[[94m215^[[0m ^[[1m^[[94m|^[[0m     use super::*;
test	Run tests	2026-06-25T13:35:19.9894983Z     ^[[1m^[[94m|^[[0m         ^[[1m^[[92m^^^^^^^^^[[0m
test	Run tests	2026-06-25T13:35:19.9895458Z     ^[[1m^[[94m= ^[[0m^[[1mhelp^[[0m: consider adding an explicit import of `vec` to disambiguate
test	Run tests	2026-06-25T13:35:19.9896072Z     ^[[1m^[[94m= ^[[0m^[[1mhelp^[[0m: or use `self::vec` to refer to this macro unambiguously
test	Run tests	2026-06-25T13:35:19.9896587Z ^[[1m^[[92mnote^[[0m: `vec` could also refer to a macro from prelude
test	Run tests	2026-06-25T13:35:19.9897388Z    ^[[1m^[[94m--> ^[[0m/rustc/ac68faa20c58cbccd01ee7208bf3b6e93a7d7f96/library/std/src/prelude/mod.rs:143:12
test	Run tests	2026-06-25T13:35:19.9897790Z 
test	Run tests	2026-06-25T13:35:19.9898015Z ^[[1m^[[91merror[E0659]^[[0m^[[1m: `vec` is ambiguous^[[0m
test	Run tests	2026-06-25T13:35:19.9898637Z ##[error]   ^[[1m^[[94m--> ^[[0msrc/fuzz_test_script.rs:499:13
test	Run tests	2026-06-25T13:35:19.9899444Z     ^[[1m^[[94m|^[[0m
test	Run tests	2026-06-25T13:35:19.9899872Z ^[[1m^[[94m499^[[0m ^[[1m^[[94m|^[[0m             vec![&env, Bytes::from_slice(&env, b"input")],
test	Run tests	2026-06-25T13:35:19.9900379Z     ^[[1m^[[94m|^[[0m             ^[[1m^[[91m^^^^[[0m ^[[1m^[[91mambiguous name^[[0m
test	Run tests	2026-06-25T13:35:19.9900743Z     ^[[1m^[[94m|^[[0m
test	Run tests	2026-06-25T13:35:19.9901378Z     ^[[1m^[[94m= ^[[0m^[[1mnote^[[0m: ambiguous because of a conflict between a name from a glob import and an outer scope during import or macro resolution
test	Run tests	2026-06-25T13:35:19.9902101Z ^[[1m^[[92mnote^[[0m: `vec` could refer to the macro imported here
test	Run tests	2026-06-25T13:35:19.9902507Z    ^[[1m^[[94m--> ^[[0msrc/fuzz_test_script.rs:486:9
test	Run tests	2026-06-25T13:35:19.9902830Z     ^[[1m^[[94m|^[[0m
test	Run tests	2026-06-25T13:35:19.9903143Z ^[[1m^[[94m486^[[0m ^[[1m^[[94m|^[[0m     use super::*;
test	Run tests	2026-06-25T13:35:19.9903648Z     ^[[1m^[[94m|^[[0m         ^[[1m^[[92m^^^^^^^^^[[0m
test	Run tests	2026-06-25T13:35:19.9904139Z     ^[[1m^[[94m= ^[[0m^[[1mhelp^[[0m: consider adding an explicit import of `vec` to disambiguate
test	Run tests	2026-06-25T13:35:19.9904769Z     ^[[1m^[[94m= ^[[0m^[[1mhelp^[[0m: or use `self::vec` to refer to this macro unambiguously
test	Run tests	2026-06-25T13:35:19.9905293Z ^[[1m^[[92mnote^[[0m: `vec` could also refer to a macro from prelude
test	Run tests	2026-06-25T13:35:19.9905943Z    ^[[1m^[[94m--> ^[[0m/rustc/ac68faa20c58cbccd01ee7208bf3b6e93a7d7f96/library/std/src/prelude/mod.rs:143:12
test	Run tests	2026-06-25T13:35:19.9906359Z 
test	Run tests	2026-06-25T13:35:19.9906576Z ^[[1m^[[91merror[E0659]^[[0m^[[1m: `vec` is ambiguous^[[0m
test	Run tests	2026-06-25T13:35:19.9907176Z ##[error]   ^[[1m^[[94m--> ^[[0msrc/fuzz_test_script.rs:540:13
test	Run tests	2026-06-25T13:35:19.9907920Z     ^[[1m^[[94m|^[[0m
test	Run tests	2026-06-25T13:35:19.9908363Z ^[[1m^[[94m540^[[0m ^[[1m^[[94m|^[[0m             vec![&env, Bytes::from_slice(&env, b"input1")],
test	Run tests	2026-06-25T13:35:19.9908885Z     ^[[1m^[[94m|^[[0m             ^[[1m^[[91m^^^^[[0m ^[[1m^[[91mambiguous name^[[0m
test	Run tests	2026-06-25T13:35:19.9909239Z     ^[[1m^[[94m|^[[0m
test	Run tests	2026-06-25T13:35:19.9910034Z     ^[[1m^[[94m= ^[[0m^[[1mnote^[[0m: ambiguous because of a conflict between a name from a glob import and an outer scope during import or macro resolution
test	Run tests	2026-06-25T13:35:19.9910767Z ^[[1m^[[92mnote^[[0m: `vec` could refer to the macro imported here
test	Run tests	2026-06-25T13:35:19.9911187Z    ^[[1m^[[94m--> ^[[0msrc/fuzz_test_script.rs:486:9
test	Run tests	2026-06-25T13:35:19.9911503Z     ^[[1m^[[94m|^[[0m
test	Run tests	2026-06-25T13:35:19.9911811Z ^[[1m^[[94m486^[[0m ^[[1m^[[94m|^[[0m     use super::*;
test	Run tests	2026-06-25T13:35:19.9912154Z     ^[[1m^[[94m|^[[0m         ^[[1m^[[92m^^^^^^^^^[[0m
test	Run tests	2026-06-25T13:35:19.9912638Z     ^[[1m^[[94m= ^[[0m^[[1mhelp^[[0m: consider adding an explicit import of `vec` to disambiguate
test	Run tests	2026-06-25T13:35:19.9913415Z     ^[[1m^[[94m= ^[[0m^[[1mhelp^[[0m: or use `self::vec` to refer to this macro unambiguously
test	Run tests	2026-06-25T13:35:19.9913944Z ^[[1m^[[92mnote^[[0m: `vec` could also refer to a macro from prelude
test	Run tests	2026-06-25T13:35:19.9914648Z    ^[[1m^[[94m--> ^[[0m/rustc/ac68faa20c58cbccd01ee7208bf3b6e93a7d7f96/library/std/src/prelude/mod.rs:143:12
test	Run tests	2026-06-25T13:35:19.9915062Z 
test	Run tests	2026-06-25T13:35:19.9915285Z ^[[1m^[[91merror[E0659]^[[0m^[[1m: `vec` is ambiguous^[[0m
test	Run tests	2026-06-25T13:35:19.9915951Z ##[error]   ^[[1m^[[94m--> ^[[0msrc/fuzz_test_script.rs:552:13
test	Run tests	2026-06-25T13:35:19.9916704Z     ^[[1m^[[94m|^[[0m
test	Run tests	2026-06-25T13:35:19.9917139Z ^[[1m^[[94m552^[[0m ^[[1m^[[94m|^[[0m             vec![&env, Bytes::from_slice(&env, b"input2")],
test	Run tests	2026-06-25T13:35:19.9917647Z     ^[[1m^[[94m|^[[0m             ^[[1m^[[91m^^^^[[0m ^[[1m^[[91mambiguous name^[[0m
test	Run tests	2026-06-25T13:35:19.9917999Z     ^[[1m^[[94m|^[[0m
test	Run tests	2026-06-25T13:35:19.9918651Z     ^[[1m^[[94m= ^[[0m^[[1mnote^[[0m: ambiguous because of a conflict between a name from a glob import and an outer scope during import or macro resolution
test	Run tests	2026-06-25T13:35:19.9919387Z ^[[1m^[[92mnote^[[0m: `vec` could refer to the macro imported here
test	Run tests	2026-06-25T13:35:19.9919794Z    ^[[1m^[[94m--> ^[[0msrc/fuzz_test_script.rs:486:9
test	Run tests	2026-06-25T13:35:19.9920323Z     ^[[1m^[[94m|^[[0m
test	Run tests	2026-06-25T13:35:19.9920641Z ^[[1m^[[94m486^[[0m ^[[1m^[[94m|^[[0m     use super::*;
test	Run tests	2026-06-25T13:35:19.9921010Z     ^[[1m^[[94m|^[[0m         ^[[1m^[[92m^^^^^^^^^[[0m
test	Run tests	2026-06-25T13:35:19.9921501Z     ^[[1m^[[94m= ^[[0m^[[1mhelp^[[0m: consider adding an explicit import of `vec` to disambiguate
test	Run tests	2026-06-25T13:35:19.9922126Z     ^[[1m^[[94m= ^[[0m^[[1mhelp^[[0m: or use `self::vec` to refer to this macro unambiguously
test	Run tests	2026-06-25T13:35:19.9922651Z ^[[1m^[[92mnote^[[0m: `vec` could also refer to a macro from prelude
test	Run tests	2026-06-25T13:35:19.9923460Z    ^[[1m^[[94m--> ^[[0m/rustc/ac68faa20c58cbccd01ee7208bf3b6e93a7d7f96/library/std/src/prelude/mod.rs:143:12
test	Run tests	2026-06-25T13:35:19.9923873Z 
test	Run tests	2026-06-25T13:35:19.9924100Z ^[[1m^[[91merror[E0659]^[[0m^[[1m: `vec` is ambiguous^[[0m
test	Run tests	2026-06-25T13:35:19.9924714Z ##[error]   ^[[1m^[[94m--> ^[[0msrc/fuzz_test_script.rs:574:13
test	Run tests	2026-06-25T13:35:19.9925467Z     ^[[1m^[[94m|^[[0m
test	Run tests	2026-06-25T13:35:19.9925929Z ^[[1m^[[94m574^[[0m ^[[1m^[[94m|^[[0m             vec![&env, Bytes::from_slice(&env, b"input")],
test	Run tests	2026-06-25T13:35:19.9926446Z     ^[[1m^[[94m|^[[0m             ^[[1m^[[91m^^^^[[0m ^[[1m^[[91mambiguous name^[[0m
test	Run tests	2026-06-25T13:35:19.9926805Z     ^[[1m^[[94m|^[[0m
test	Run tests	2026-06-25T13:35:19.9927450Z     ^[[1m^[[94m= ^[[0m^[[1mnote^[[0m: ambiguous because of a conflict between a name from a glob import and an outer scope during import or macro resolution
test	Run tests	2026-06-25T13:35:19.9928179Z ^[[1m^[[92mnote^[[0m: `vec` could refer to the macro imported here
test	Run tests	2026-06-25T13:35:19.9928593Z    ^[[1m^[[94m--> ^[[0msrc/fuzz_test_script.rs:486:9
test	Run tests	2026-06-25T13:35:19.9928904Z     ^[[1m^[[94m|^[[0m
test	Run tests	2026-06-25T13:35:19.9929219Z ^[[1m^[[94m486^[[0m ^[[1m^[[94m|^[[0m     use super::*;
test	Run tests	2026-06-25T13:35:19.9929565Z     ^[[1m^[[94m|^[[0m         ^[[1m^[[92m^^^^^^^^^[[0m
test	Run tests	2026-06-25T13:35:19.9930045Z     ^[[1m^[[94m= ^[[0m^[[1mhelp^[[0m: consider adding an explicit import of `vec` to disambiguate
test	Run tests	2026-06-25T13:35:19.9930666Z     ^[[1m^[[94m= ^[[0m^[[1mhelp^[[0m: or use `self::vec` to refer to this macro unambiguously
test	Run tests	2026-06-25T13:35:19.9931198Z ^[[1m^[[92mnote^[[0m: `vec` could also refer to a macro from prelude
test	Run tests	2026-06-25T13:35:19.9931839Z    ^[[1m^[[94m--> ^[[0m/rustc/ac68faa20c58cbccd01ee7208bf3b6e93a7d7f96/library/std/src/prelude/mod.rs:143:12
test	Run tests	2026-06-25T13:35:19.9932390Z 
test	Run tests	2026-06-25T13:35:19.9932605Z ^[[1m^[[91merror[E0659]^[[0m^[[1m: `vec` is ambiguous^[[0m
test	Run tests	2026-06-25T13:35:19.9933408Z ##[error]   ^[[1m^[[94m--> ^[[0msrc/fuzz_test_script.rs:593:13
test	Run tests	2026-06-25T13:35:19.9934320Z     ^[[1m^[[94m|^[[0m
test	Run tests	2026-06-25T13:35:19.9934764Z ^[[1m^[[94m593^[[0m ^[[1m^[[94m|^[[0m             vec![&env, Bytes::from_slice(&env, b"input")],
test	Run tests	2026-06-25T13:35:19.9935280Z     ^[[1m^[[94m|^[[0m             ^[[1m^[[91m^^^^[[0m ^[[1m^[[91mambiguous name^[[0m
test	Run tests	2026-06-25T13:35:19.9935636Z     ^[[1m^[[94m|^[[0m
test	Run tests	2026-06-25T13:35:19.9936290Z     ^[[1m^[[94m= ^[[0m^[[1mnote^[[0m: ambiguous because of a conflict between a name from a glob import and an outer scope during import or macro resolution
test	Run tests	2026-06-25T13:35:19.9937025Z ^[[1m^[[92mnote^[[0m: `vec` could refer to the macro imported here
test	Run tests	2026-06-25T13:35:19.9937454Z    ^[[1m^[[94m--> ^[[0msrc/fuzz_test_script.rs:486:9
test	Run tests	2026-06-25T13:35:19.9937773Z     ^[[1m^[[94m|^[[0m
test	Run tests	2026-06-25T13:35:19.9938084Z ^[[1m^[[94m486^[[0m ^[[1m^[[94m|^[[0m     use super::*;
test	Run tests	2026-06-25T13:35:19.9938436Z     ^[[1m^[[94m|^[[0m         ^[[1m^[[92m^^^^^^^^^[[0m
test	Run tests	2026-06-25T13:35:19.9938917Z     ^[[1m^[[94m= ^[[0m^[[1mhelp^[[0m: consider adding an explicit import of `vec` to disambiguate
test	Run tests	2026-06-25T13:35:19.9939559Z     ^[[1m^[[94m= ^[[0m^[[1mhelp^[[0m: or use `self::vec` to refer to this macro unambiguously
test	Run tests	2026-06-25T13:35:19.9940078Z ^[[1m^[[92mnote^[[0m: `vec` could also refer to a macro from prelude
test	Run tests	2026-06-25T13:35:19.9940721Z    ^[[1m^[[94m--> ^[[0m/rustc/ac68faa20c58cbccd01ee7208bf3b6e93a7d7f96/library/std/src/prelude/mod.rs:143:12
test	Run tests	2026-06-25T13:35:19.9941133Z 
test	Run tests	2026-06-25T13:35:19.9941353Z ^[[1m^[[91merror[E0659]^[[0m^[[1m: `vec` is ambiguous^[[0m
test	Run tests	2026-06-25T13:35:19.9941961Z ##[error]   ^[[1m^[[94m--> ^[[0msrc/fuzz_test_script.rs:639:17
test	Run tests	2026-06-25T13:35:19.9942696Z     ^[[1m^[[94m|^[[0m
test	Run tests	2026-06-25T13:35:19.9943347Z ^[[1m^[[94m639^[[0m ^[[1m^[[94m|^[[0m                 vec![&env, Bytes::from_slice(&env, b"input")],
test	Run tests	2026-06-25T13:35:19.9944046Z     ^[[1m^[[94m|^[[0m                 ^[[1m^[[91m^^^^[[0m ^[[1m^[[91mambiguous name^[[0m
test	Run tests	2026-06-25T13:35:19.9944413Z     ^[[1m^[[94m|^[[0m
test	Run tests	2026-06-25T13:35:19.9945056Z     ^[[1m^[[94m= ^[[0m^[[1mnote^[[0m: ambiguous because of a conflict between a name from a glob import and an outer scope during import or macro resolution
test	Run tests	2026-06-25T13:35:19.9945794Z ^[[1m^[[92mnote^[[0m: `vec` could refer to the macro imported here
test	Run tests	2026-06-25T13:35:19.9946205Z    ^[[1m^[[94m--> ^[[0msrc/fuzz_test_script.rs:486:9
test	Run tests	2026-06-25T13:35:19.9946517Z     ^[[1m^[[94m|^[[0m
test	Run tests	2026-06-25T13:35:19.9946830Z ^[[1m^[[94m486^[[0m ^[[1m^[[94m|^[[0m     use super::*;
test	Run tests	2026-06-25T13:35:19.9947173Z     ^[[1m^[[94m|^[[0m         ^[[1m^[[92m^^^^^^^^^[[0m
test	Run tests	2026-06-25T13:35:19.9947665Z     ^[[1m^[[94m= ^[[0m^[[1mhelp^[[0m: consider adding an explicit import of `vec` to disambiguate
test	Run tests	2026-06-25T13:35:19.9948282Z     ^[[1m^[[94m= ^[[0m^[[1mhelp^[[0m: or use `self::vec` to refer to this macro unambiguously
test	Run tests	2026-06-25T13:35:19.9948806Z ^[[1m^[[92mnote^[[0m: `vec` could also refer to a macro from prelude
test	Run tests	2026-06-25T13:35:19.9949443Z    ^[[1m^[[94m--> ^[[0m/rustc/ac68faa20c58cbccd01ee7208bf3b6e93a7d7f96/library/std/src/prelude/mod.rs:143:12
test	Run tests	2026-06-25T13:35:19.9949856Z 
test	Run tests	2026-06-25T13:35:20.2710208Z ^[[1m^[[91merror^[[0m^[[1m: unused import: `Vec`^[[0m
test	Run tests	2026-06-25T13:35:20.2711613Z ##[error] ^[[1m^[[94m--> ^[[0msrc/schema_registry.rs:1:87
test	Run tests	2026-06-25T13:35:20.2713009Z   ^[[1m^[[94m|^[[0m
test	Run tests	2026-06-25T13:35:20.2714834Z ^[[1m^[[94m1^[[0m ^[[1m^[[94m|^[[0m use soroban_sdk::{contract, contracterror, contractimpl, Address, Bytes, Env, Symbol, Vec};
test	Run tests	2026-06-25T13:35:20.2716547Z   ^[[1m^[[94m|^[[0m                                                                                       ^[[1m^[[91m^^^^[[0m
test	Run tests	2026-06-25T13:35:20.2717496Z   ^[[1m^[[94m|^[[0m
test	Run tests	2026-06-25T13:35:20.2718347Z   ^[[1m^[[94m= ^[[0m^[[1mnote^[[0m: `-D unused-imports` implied by `-D warnings`
test	Run tests	2026-06-25T13:35:20.2719197Z   ^[[1m^[[94m= ^[[0m^[[1mhelp^[[0m: to override `-D warnings` add `#[allow(unused_imports)]`
test	Run tests	2026-06-25T13:35:20.2719682Z 
test	Run tests	2026-06-25T13:35:20.2719986Z ^[[1m^[[91merror^[[0m^[[1m: unused import: `symbol_short`^[[0m
test	Run tests	2026-06-25T13:35:20.2720869Z ##[error] ^[[1m^[[94m--> ^[[0msrc/zk_attestation.rs:2:58
test	Run tests	2026-06-25T13:35:20.2722206Z   ^[[1m^[[94m|^[[0m
test	Run tests	2026-06-25T13:35:20.2723027Z ^[[1m^[[94m2^[[0m ^[[1m^[[94m|^[[0m     contract, contracterror, contractimpl, contracttype, symbol_short, Address, Bytes, Env, Map,
test	Run tests	2026-06-25T13:35:20.2724247Z   ^[[1m^[[94m|^[[0m                                                          ^[[1m^[[91m^^^^^^^^^^^^^[[0m
test	Run tests	2026-06-25T13:35:20.2724614Z 
test	Run tests	2026-06-25T13:35:20.3015298Z ^[[1m^[[91merror^[[0m^[[1m: unused imports: `DIDDocument`, `DIDRegistryError`, `ReputationData`, `ReputationScoreError`, `TrustAttestation`, `VerifiableCredential`, and `ZKAttestationError`^[[0m
test	Run tests	2026-06-25T13:35:20.3018487Z ##[error]  ^[[1m^[[94m--> ^[[0msrc/integration_tests.rs:12:33
test	Run tests	2026-06-25T13:35:20.3019947Z    ^[[1m^[[94m|^[[0m
test	Run tests	2026-06-25T13:35:20.3020860Z ^[[1m^[[94m12^[[0m ^[[1m^[[94m|^[[0m     did_registry::{DIDRegistry, DIDRegistryError},
test	Run tests	2026-06-25T13:35:20.3021893Z    ^[[1m^[[94m|^[[0m                                 ^[[1m^[[91m^^^^^^^^^^^^^^^^^[[0m
test	Run tests	2026-06-25T13:35:20.3023575Z ^[[1m^[[94m13^[[0m ^[[1m^[[94m|^[[0m     reputation_score::{ReputationData, ReputationScore, ReputationScoreError, TrustAttestation},
test	Run tests	2026-06-25T13:35:20.3025071Z    ^[[1m^[[94m|^[[0m                        ^[[1m^[[91m^^^^^^^^^^^^^^^[[0m                   ^[[1m^[[91m^^^^^^^^^^^^^^^^^^^^^[[0m  ^[[1m^[[91m^^^^^^^^^^^^^^^^^[[0m
test	Run tests	2026-06-25T13:35:20.3026240Z ^[[1m^[[94m14^[[0m ^[[1m^[[94m|^[[0m     schema_registry::{CredentialSchemaRegistry, SchemaRegistryError},
test	Run tests	2026-06-25T13:35:20.3027400Z ^[[1m^[[94m15^[[0m ^[[1m^[[94m|^[[0m     zk_attestation::{CircuitType, ZKAttestation, ZKAttestationError},
test	Run tests	2026-06-25T13:35:20.3028342Z    ^[[1m^[[94m|^[[0m                                                  ^[[1m^[[91m^^^^^^^^^^^^^^^^^^^[[0m
test	Run tests	2026-06-25T13:35:20.3029286Z ^[[1m^[[94m16^[[0m ^[[1m^[[94m|^[[0m     DIDDocument, Service, VerifiableCredential, VerificationMethod,
test	Run tests	2026-06-25T13:35:20.3030215Z    ^[[1m^[[94m|^[[0m     ^[[1m^[[91m^^^^^^^^^^^^[[0m           ^[[1m^[[91m^^^^^^^^^^^^^^^^^^^^^[[0m
test	Run tests	2026-06-25T13:35:20.3030882Z 
test	Run tests	2026-06-25T13:35:25.8805243Z ^[[1m^[[91merror[E0277]^[[0m^[[1m: the trait bound `soroban_sdk::Symbol: Topics` is not satisfied^[[0m
test	Run tests	2026-06-25T13:35:25.8807288Z ##[error]   ^[[1m^[[94m--> ^[[0msrc/compliance_filter.rs:185:22
test	Run tests	2026-06-25T13:35:25.8808651Z     ^[[1m^[[94m|^[[0m
test	Run tests	2026-06-25T13:35:25.8809466Z ^[[1m^[[94m185^[[0m ^[[1m^[[94m|^[[0m             .publish(Symbol::new(&env, "oracle_reg"), oracle);
test	Run tests	2026-06-25T13:35:25.8810877Z     ^[[1m^[[94m|^[[0m              ^[[1m^[[94m-------^[[0m ^[[1m^[[91m^^^^^^^^^^^^^^^^^^^^^^^^^^^^^^^^[[0m ^[[1m^[[91mthe trait `Topics` is not implemented for `soroban_sdk::Symbol`^[[0m
test	Run tests	2026-06-25T13:35:25.8811878Z     ^[[1m^[[94m|^[[0m              ^[[1m^[[94m|^[[0m
test	Run tests	2026-06-25T13:35:25.8812593Z     ^[[1m^[[94m|^[[0m              ^[[1m^[[94mrequired by a bound introduced by this call^[[0m
test	Run tests	2026-06-25T13:35:25.8813478Z     ^[[1m^[[94m|^[[0m
test	Run tests	2026-06-25T13:35:25.8814105Z     ^[[1m^[[94m= ^[[0m^[[1mhelp^[[0m: the following other types implement trait `Topics`:
test	Run tests	2026-06-25T13:35:25.8814745Z               ()
test	Run tests	2026-06-25T13:35:25.8815079Z               (T0, T1)
test	Run tests	2026-06-25T13:35:25.8815424Z               (T0, T1, T2)
test	Run tests	2026-06-25T13:35:25.8815797Z               (T0, T1, T2, T3)
test	Run tests	2026-06-25T13:35:25.8816184Z               (T0, T1, T2, T3, T4)
test	Run tests	2026-06-25T13:35:25.8816593Z               (T0, T1, T2, T3, T4, T5)
test	Run tests	2026-06-25T13:35:25.8817023Z               (T0, T1, T2, T3, T4, T5, T6)
test	Run tests	2026-06-25T13:35:25.8817466Z               (T0, T1, T2, T3, T4, T5, T6, T7)
test	Run tests	2026-06-25T13:35:25.8817903Z             and 7 others
test	Run tests	2026-06-25T13:35:25.8818608Z ^[[1m^[[92mnote^[[0m: required by a bound in `soroban_sdk::events::Events::publish`
test	Run tests	2026-06-25T13:35:25.8819873Z    ^[[1m^[[94m--> ^[[0m/home/runner/.cargo/registry/src/index.crates.io-1949cf8c6b5b557f/soroban-sdk-22.0.11/src/events.rs:90:12
test	Run tests	2026-06-25T13:35:25.8820581Z     ^[[1m^[[94m|^[[0m
test	Run tests	2026-06-25T13:35:25.8821022Z ^[[1m^[[94m 88^[[0m ^[[1m^[[94m|^[[0m     pub fn publish<T, D>(&self, topics: T, data: D)
test	Run tests	2026-06-25T13:35:25.8821762Z     ^[[1m^[[94m|^[[0m            ^[[1m^[[94m-------^[[0m ^[[1m^[[94mrequired by a bound in this associated function^[[0m
test	Run tests	2026-06-25T13:35:25.8822355Z ^[[1m^[[94m 89^[[0m ^[[1m^[[94m|^[[0m     where
test	Run tests	2026-06-25T13:35:25.8823053Z ^[[1m^[[94m 90^[[0m ^[[1m^[[94m|^[[0m         T: Topics,
test	Run tests	2026-06-25T13:35:25.8823940Z     ^[[1m^[[94m|^[[0m            ^[[1m^[[92m^^^^^^^[[0m ^[[1m^[[92mrequired by this bound in `Events::publish`^[[0m
test	Run tests	2026-06-25T13:35:25.8824548Z ^[[1m^[[96mhelp^[[0m: use a unary tuple instead
test	Run tests	2026-06-25T13:35:25.8824908Z     ^[[1m^[[94m|^[[0m
test	Run tests	2026-06-25T13:35:25.8825517Z ^[[1m^[[94m185^[[0m ^[[1m^[[94m| ^[[0m            .publish(^[[92m(^[[0mSymbol::new(&env, "oracle_reg")^[[92m,)^[[0m, oracle);
test	Run tests	2026-06-25T13:35:25.8826241Z     ^[[1m^[[94m|^[[0m                      ^[[92m+^[[0m                               ^[[92m++^[[0m
test	Run tests	2026-06-25T13:35:25.8826573Z 
test	Run tests	2026-06-25T13:35:25.9893463Z ^[[1m^[[91merror[E0277]^[[0m^[[1m: the trait bound `soroban_sdk::Symbol: Topics` is not satisfied^[[0m
test	Run tests	2026-06-25T13:35:25.9895400Z ##[error]   ^[[1m^[[94m--> ^[[0msrc/compliance_filter.rs:670:22
test	Run tests	2026-06-25T13:35:25.9896882Z     ^[[1m^[[94m|^[[0m
test	Run tests	2026-06-25T13:35:25.9897736Z ^[[1m^[[94m670^[[0m ^[[1m^[[94m|^[[0m             .publish(Symbol::new(&env, "rule_reg"), jurisdiction);
test	Run tests	2026-06-25T13:35:25.9899348Z     ^[[1m^[[94m|^[[0m              ^[[1m^[[94m-------^[[0m ^[[1m^[[91m^^^^^^^^^^^^^^^^^^^^^^^^^^^^^^[[0m ^[[1m^[[91mthe trait `Topics` is not implemented for `soroban_sdk::Symbol`^[[0m
test	Run tests	2026-06-25T13:35:25.9900473Z     ^[[1m^[[94m|^[[0m              ^[[1m^[[94m|^[[0m
test	Run tests	2026-06-25T13:35:25.9901275Z     ^[[1m^[[94m|^[[0m              ^[[1m^[[94mrequired by a bound introduced by this call^[[0m
test	Run tests	2026-06-25T13:35:25.9901918Z     ^[[1m^[[94m|^[[0m
test	Run tests	2026-06-25T13:35:25.9902527Z     ^[[1m^[[94m= ^[[0m^[[1mhelp^[[0m: the following other types implement trait `Topics`:
test	Run tests	2026-06-25T13:35:25.9903152Z               ()
test	Run tests	2026-06-25T13:35:25.9903653Z               (T0, T1)
test	Run tests	2026-06-25T13:35:25.9903999Z               (T0, T1, T2)
test	Run tests	2026-06-25T13:35:25.9904368Z               (T0, T1, T2, T3)
test	Run tests	2026-06-25T13:35:25.9904751Z               (T0, T1, T2, T3, T4)
test	Run tests	2026-06-25T13:35:25.9905440Z               (T0, T1, T2, T3, T4, T5)
test	Run tests	2026-06-25T13:35:25.9905866Z               (T0, T1, T2, T3, T4, T5, T6)
test	Run tests	2026-06-25T13:35:25.9906319Z               (T0, T1, T2, T3, T4, T5, T6, T7)
test	Run tests	2026-06-25T13:35:25.9906770Z             and 7 others
test	Run tests	2026-06-25T13:35:25.9907485Z ^[[1m^[[92mnote^[[0m: required by a bound in `soroban_sdk::events::Events::publish`
test	Run tests	2026-06-25T13:35:25.9908748Z    ^[[1m^[[94m--> ^[[0m/home/runner/.cargo/registry/src/index.crates.io-1949cf8c6b5b557f/soroban-sdk-22.0.11/src/events.rs:90:12
test	Run tests	2026-06-25T13:35:25.9909691Z     ^[[1m^[[94m|^[[0m
test	Run tests	2026-06-25T13:35:25.9910283Z ^[[1m^[[94m 88^[[0m ^[[1m^[[94m|^[[0m     pub fn publish<T, D>(&self, topics: T, data: D)
test	Run tests	2026-06-25T13:35:25.9911272Z     ^[[1m^[[94m|^[[0m            ^[[1m^[[94m-------^[[0m ^[[1m^[[94mrequired by a bound in this associated function^[[0m
test	Run tests	2026-06-25T13:35:25.9912029Z ^[[1m^[[94m 89^[[0m ^[[1m^[[94m|^[[0m     where
test	Run tests	2026-06-25T13:35:25.9912400Z ^[[1m^[[94m 90^[[0m ^[[1m^[[94m|^[[0m         T: Topics,
test	Run tests	2026-06-25T13:35:25.9913022Z     ^[[1m^[[94m|^[[0m            ^[[1m^[[92m^^^^^^^[[0m ^[[1m^[[92mrequired by this bound in `Events::publish`^[[0m
test	Run tests	2026-06-25T13:35:25.9913705Z ^[[1m^[[96mhelp^[[0m: use a unary tuple instead
test	Run tests	2026-06-25T13:35:25.9914049Z     ^[[1m^[[94m|^[[0m
test	Run tests	2026-06-25T13:35:25.9914637Z ^[[1m^[[94m670^[[0m ^[[1m^[[94m| ^[[0m            .publish(^[[92m(^[[0mSymbol::new(&env, "rule_reg")^[[92m,)^[[0m, jurisdiction);
test	Run tests	2026-06-25T13:35:25.9915329Z     ^[[1m^[[94m|^[[0m                      ^[[92m+^[[0m                             ^[[92m++^[[0m
test	Run tests	2026-06-25T13:35:25.9915629Z 
test	Run tests	2026-06-25T13:35:26.5070958Z ^[[1m^[[91merror[E0277]^[[0m^[[1m: `soroban_sdk::Bytes` doesn't implement `std::fmt::Display`^[[0m
test	Run tests	2026-06-25T13:35:26.5073429Z ##[error]   ^[[1m^[[94m--> ^[[0msrc/credential_issuer.rs:848:50
test	Run tests	2026-06-25T13:35:26.5085860Z     ^[[1m^[[94m|^[[0m
test	Run tests	2026-06-25T13:35:26.5086482Z ^[[1m^[[94m848^[[0m ^[[1m^[[94m|^[[0m ^[[1m^[[94m...^[[0m                   format!("{}{}", now, credential_id.clone()).as_bytes(),
test	Run tests	2026-06-25T13:35:26.5087676Z     ^[[1m^[[94m|^[[0m                                  ^[[1m^[[94m--^[[0m        ^[[1m^[[91m^^^^^^^^^^^^^^^^^^^^^^[[0m ^[[1m^[[91m`soroban_sdk::Bytes` cannot be formatted with the default formatter^[[0m
test	Run tests	2026-06-25T13:35:26.5088764Z     ^[[1m^[[94m|^[[0m                                  ^[[1m^[[94m|^[[0m
test	Run tests	2026-06-25T13:35:26.5089362Z     ^[[1m^[[94m|^[[0m                                  ^[[1m^[[94mrequired by this formatting parameter^[[0m
test	Run tests	2026-06-25T13:35:26.5089863Z     ^[[1m^[[94m|^[[0m
test	Run tests	2026-06-25T13:35:26.5090454Z     ^[[1m^[[94m= ^[[0m^[[1mhelp^[[0m: the trait `std::fmt::Display` is not implemented for `soroban_sdk::Bytes`
test	Run tests	2026-06-25T13:35:26.5091364Z     ^[[1m^[[94m= ^[[0m^[[1mnote^[[0m: in format strings you may be able to use `{:?}` (or {:#?} for pretty-print) instead
test	Run tests	2026-06-25T13:35:26.5091825Z 
test	Run tests	2026-06-25T13:35:27.1086763Z ^[[1m^[[91merror[E0277]^[[0m^[[1m: `soroban_sdk::String` doesn't implement `std::fmt::Display`^[[0m
test	Run tests	2026-06-25T13:35:27.1088669Z ##[error]   ^[[1m^[[94m--> ^[[0msrc/did_registry.rs:720:50
test	Run tests	2026-06-25T13:35:27.1090154Z     ^[[1m^[[94m|^[[0m
test	Run tests	2026-06-25T13:35:27.1091040Z ^[[1m^[[94m720^[[0m ^[[1m^[[94m|^[[0m         let s = alloc::format!("did:stellar:{}", addr.to_string());
test	Run tests	2026-06-25T13:35:27.1092666Z     ^[[1m^[[94m|^[[0m                                             ^[[1m^[[94m--^[[0m   ^[[1m^[[91m^^^^^^^^^^^^^^^^^[[0m ^[[1m^[[91m`soroban_sdk::String` cannot be formatted with the default formatter^[[0m
test	Run tests	2026-06-25T13:35:27.1094231Z     ^[[1m^[[94m|^[[0m                                             ^[[1m^[[94m|^[[0m
test	Run tests	2026-06-25T13:35:27.1095238Z     ^[[1m^[[94m|^[[0m                                             ^[[1m^[[94mrequired by this formatting parameter^[[0m
test	Run tests	2026-06-25T13:35:27.1096031Z     ^[[1m^[[94m|^[[0m
test	Run tests	2026-06-25T13:35:27.1096998Z     ^[[1m^[[94m= ^[[0m^[[1mhelp^[[0m: the trait `std::fmt::Display` is not implemented for `soroban_sdk::String`
test	Run tests	2026-06-25T13:35:27.1098357Z     ^[[1m^[[94m= ^[[0m^[[1mnote^[[0m: in format strings you may be able to use `{:?}` (or {:#?} for pretty-print) instead
test	Run tests	2026-06-25T13:35:27.1099055Z 
test	Run tests	2026-06-25T13:35:27.2149959Z ^[[1m^[[91merror[E0061]^[[0m^[[1m: this function takes 5 arguments but 4 arguments were supplied^[[0m
test	Run tests	2026-06-25T13:35:27.2153088Z ##[error]   ^[[1m^[[94m--> ^[[0msrc/gas_benchmark.rs:199:13
test	Run tests	2026-06-25T13:35:27.2155478Z     ^[[1m^[[94m|^[[0m
test	Run tests	2026-06-25T13:35:27.2156598Z ^[[1m^[[94m199^[[0m ^[[1m^[[94m|^[[0m       let _ = ComplianceFilter::load_list_entries(
test	Run tests	2026-06-25T13:35:27.2157906Z     ^[[1m^[[94m|^[[0m ^[[1m^[[94m _____________^[[0m^[[1m^[[91m^^^^^^^^^^^^^^^^^^^^^^^^^^^^^^^^^^^^[[0m^[[1m^[[94m-^[[0m
test	Run tests	2026-06-25T13:35:27.2159112Z ^[[1m^[[94m200^[[0m ^[[1m^[[94m|^[[0m ^[[1m^[[94m|^[[0m         env.clone(),
test	Run tests	2026-06-25T13:35:27.2160025Z ^[[1m^[[94m201^[[0m ^[[1m^[[94m|^[[0m ^[[1m^[[94m|^[[0m         admin,
test	Run tests	2026-06-25T13:35:27.2160988Z ^[[1m^[[94m202^[[0m ^[[1m^[[94m|^[[0m ^[[1m^[[94m|^[[0m         source,
test	Run tests	2026-06-25T13:35:27.2162159Z ^[[1m^[[94m203^[[0m ^[[1m^[[94m|^[[0m ^[[1m^[[94m|^[[0m         vec![&env, sanctioned.clone()],
test	Run tests	2026-06-25T13:35:27.2163543Z ^[[1m^[[94m204^[[0m ^[[1m^[[94m|^[[0m ^[[1m^[[94m|^[[0m     );
test	Run tests	2026-06-25T13:35:27.2164909Z     ^[[1m^[[94m|^[[0m ^[[1m^[[94m|_____-^[[0m ^[[1m^[[94margument #5 of type `soroban_sdk::BytesN<32>` is missing^[[0m
test	Run tests	2026-06-25T13:35:27.2165758Z     ^[[1m^[[94m|^[[0m
test	Run tests	2026-06-25T13:35:27.2166300Z ^[[1m^[[92mnote^[[0m: associated function defined here
test	Run tests	2026-06-25T13:35:27.2167004Z    ^[[1m^[[94m--> ^[[0msrc/compliance_filter.rs:265:12
test	Run tests	2026-06-25T13:35:27.2167594Z     ^[[1m^[[94m|^[[0m
test	Run tests	2026-06-25T13:35:27.2168160Z ^[[1m^[[94m265^[[0m ^[[1m^[[94m|^[[0m     pub fn load_list_entries(
test	Run tests	2026-06-25T13:35:27.2168909Z     ^[[1m^[[94m|^[[0m            ^[[1m^[[92m^^^^^^^^^^^^^^^^^^[[0m
test	Run tests	2026-06-25T13:35:27.2169509Z ^[[1m^[[94m...^[[0m
test	Run tests	2026-06-25T13:35:27.2170135Z ^[[1m^[[94m270^[[0m ^[[1m^[[94m|^[[0m         expected_hash: BytesN<32>,
test	Run tests	2026-06-25T13:35:27.2170933Z     ^[[1m^[[94m|^[[0m         ^[[1m^[[94m-------------------------^[[0m
test	Run tests	2026-06-25T13:35:27.2171614Z ^[[1m^[[96mhelp^[[0m: provide the argument
test	Run tests	2026-06-25T13:35:27.2172148Z     ^[[1m^[[94m|^[[0m
test	Run tests	2026-06-25T13:35:27.2172910Z ^[[1m^[[94m199^[[0m ^[[1m^[[94m|^[[0m     let _ = ComplianceFilter::load_list_entries(
test	Run tests	2026-06-25T13:35:27.2173906Z ^[[1m^[[94m...^[[0m
test	Run tests	2026-06-25T13:35:27.2174539Z ^[[1m^[[94m203^[[0m ^[[1m^[[94m|^[[0m         vec![&env, sanctioned.clone()],
test	Run tests	2026-06-25T13:35:27.2175548Z ^[[1m^[[94m204^[[0m ^[[92m~ ^[[0m    ^[[92m    /* soroban_sdk::BytesN<32> */,^[[0m
test	Run tests	2026-06-25T13:35:27.2176248Z ^[[1m^[[94m205^[[0m ^[[92m~     ^[[0m);
test	Run tests	2026-06-25T13:35:27.2177143Z     ^[[1m^[[94m|^[[0m
test	Run tests	2026-06-25T13:35:27.2177383Z 
test	Run tests	2026-06-25T13:35:27.5135812Z ^[[1m^[[91merror[E0277]^[[0m^[[1m: `soroban_sdk::String` doesn't implement `std::fmt::Display`^[[0m
test	Run tests	2026-06-25T13:35:27.5137993Z ##[error]   ^[[1m^[[94m--> ^[[0msrc/reputation_oracle.rs:951:17
test	Run tests	2026-06-25T13:35:27.5139529Z     ^[[1m^[[94m|^[[0m
test	Run tests	2026-06-25T13:35:27.5140232Z ^[[1m^[[94m950^[[0m ^[[1m^[[94m|^[[0m                 "oracle_feed:{}:{}:KYC:test_data",
test	Run tests	2026-06-25T13:35:27.5141364Z     ^[[1m^[[94m|^[[0m                              ^[[1m^[[94m--^[[0m ^[[1m^[[94mrequired by this formatting parameter^[[0m
test	Run tests	2026-06-25T13:35:27.5142421Z ^[[1m^[[94m951^[[0m ^[[1m^[[94m|^[[0m                 oracle.to_string(),
test	Run tests	2026-06-25T13:35:27.5144284Z     ^[[1m^[[94m|^[[0m                 ^[[1m^[[91m^^^^^^^^^^^^^^^^^^^[[0m ^[[1m^[[91m`soroban_sdk::String` cannot be formatted with the default formatter^[[0m
test	Run tests	2026-06-25T13:35:27.5145405Z     ^[[1m^[[94m|^[[0m
test	Run tests	2026-06-25T13:35:27.5146414Z     ^[[1m^[[94m= ^[[0m^[[1mhelp^[[0m: the trait `std::fmt::Display` is not implemented for `soroban_sdk::String`
test	Run tests	2026-06-25T13:35:27.5147852Z     ^[[1m^[[94m= ^[[0m^[[1mnote^[[0m: in format strings you may be able to use `{:?}` (or {:#?} for pretty-print) instead
test	Run tests	2026-06-25T13:35:27.5148582Z 
test	Run tests	2026-06-25T13:35:28.6988634Z ^[[1m^[[91merror[E0599]^[[0m^[[1m: `soroban_sdk::Bytes` doesn't implement `std::fmt::Display`^[[0m
test	Run tests	2026-06-25T13:35:28.6990798Z ##[error]   ^[[1m^[[94m--> ^[[0msrc/schema_registry.rs:59:65
test	Run tests	2026-06-25T13:35:28.6992635Z     ^[[1m^[[94m|^[[0m
test	Run tests	2026-06-25T13:35:28.6993907Z ^[[1m^[[94m 59^[[0m ^[[1m^[[94m|^[[0m             &Symbol::new(&env, &format!("version:{}", schema_id.to_string())),
test	Run tests	2026-06-25T13:35:28.6995553Z     ^[[1m^[[94m|^[[0m                                                                 ^[[1m^[[91m^^^^^^^^^^[[0m ^[[1m^[[91mmethod cannot be called on `soroban_sdk::Bytes` due to unsatisfied trait bounds^[[0m
test	Run tests	2026-06-25T13:35:28.6996942Z     ^[[1m^[[94m|^[[0m
test	Run tests	2026-06-25T13:35:28.6997946Z    ^[[1m^[[94m::: ^[[0m/home/runner/.cargo/registry/src/index.crates.io-1949cf8c6b5b557f/soroban-sdk-22.0.11/src/bytes.rs:254:1
test	Run tests	2026-06-25T13:35:28.6998951Z     ^[[1m^[[94m|^[[0m
test	Run tests	2026-06-25T13:35:28.6999408Z ^[[1m^[[94m254^[[0m ^[[1m^[[94m|^[[0m pub struct Bytes {
test	Run tests	2026-06-25T13:35:28.7000662Z     ^[[1m^[[94m|^[[0m ^[[1m^[[94m----------------^[[0m ^[[1m^[[94mdoesn't satisfy `soroban_sdk::Bytes: ToString` or `soroban_sdk::Bytes: std::fmt::Display`^[[0m
test	Run tests	2026-06-25T13:35:28.7001721Z     ^[[1m^[[94m|^[[0m
test	Run tests	2026-06-25T13:35:28.7002326Z     ^[[1m^[[94m= ^[[0m^[[1mnote^[[0m: the following trait bounds were not satisfied:
test	Run tests	2026-06-25T13:35:28.7003015Z             `soroban_sdk::Bytes: std::fmt::Display`
test	Run tests	2026-06-25T13:35:28.7003726Z             which is required by `soroban_sdk::Bytes: ToString`
test	Run tests	2026-06-25T13:35:28.7004091Z 
test	Run tests	2026-06-25T13:35:28.7089317Z ^[[1m^[[91merror[E0599]^[[0m^[[1m: `soroban_sdk::Bytes` doesn't implement `std::fmt::Display`^[[0m
test	Run tests	2026-06-25T13:35:28.7090955Z ##[error]   ^[[1m^[[94m--> ^[[0msrc/schema_registry.rs:80:50
test	Run tests	2026-06-25T13:35:28.7092400Z     ^[[1m^[[94m|^[[0m
test	Run tests	2026-06-25T13:35:28.7093446Z ^[[1m^[[94m 80^[[0m ^[[1m^[[94m|^[[0m                 &format!("version:{}", schema_id.to_string()),
test	Run tests	2026-06-25T13:35:28.7095169Z     ^[[1m^[[94m|^[[0m                                                  ^[[1m^[[91m^^^^^^^^^^[[0m ^[[1m^[[91mmethod cannot be called on `soroban_sdk::Bytes` due to unsatisfied trait bounds^[[0m
test	Run tests	2026-06-25T13:35:28.7096333Z     ^[[1m^[[94m|^[[0m
test	Run tests	2026-06-25T13:35:28.7097479Z    ^[[1m^[[94m::: ^[[0m/home/runner/.cargo/registry/src/index.crates.io-1949cf8c6b5b557f/soroban-sdk-22.0.11/src/bytes.rs:254:1
test	Run tests	2026-06-25T13:35:28.7098534Z     ^[[1m^[[94m|^[[0m
test	Run tests	2026-06-25T13:35:28.7098986Z ^[[1m^[[94m254^[[0m ^[[1m^[[94m|^[[0m pub struct Bytes {
test	Run tests	2026-06-25T13:35:28.7100212Z     ^[[1m^[[94m|^[[0m ^[[1m^[[94m----------------^[[0m ^[[1m^[[94mdoesn't satisfy `soroban_sdk::Bytes: ToString` or `soroban_sdk::Bytes: std::fmt::Display`^[[0m
test	Run tests	2026-06-25T13:35:28.7101211Z     ^[[1m^[[94m|^[[0m
test	Run tests	2026-06-25T13:35:28.7101798Z     ^[[1m^[[94m= ^[[0m^[[1mnote^[[0m: the following trait bounds were not satisfied:
test	Run tests	2026-06-25T13:35:28.7102452Z             `soroban_sdk::Bytes: std::fmt::Display`
test	Run tests	2026-06-25T13:35:28.7103483Z             which is required by `soroban_sdk::Bytes: ToString`
test	Run tests	2026-06-25T13:35:28.7103879Z 
test	Run tests	2026-06-25T13:35:28.7160139Z ^[[1m^[[91merror[E0599]^[[0m^[[1m: `soroban_sdk::Bytes` doesn't implement `std::fmt::Display`^[[0m
test	Run tests	2026-06-25T13:35:28.7161792Z ##[error]   ^[[1m^[[94m--> ^[[0msrc/schema_registry.rs:114:65
test	Run tests	2026-06-25T13:35:28.7163509Z     ^[[1m^[[94m|^[[0m
test	Run tests	2026-06-25T13:35:28.7164366Z ^[[1m^[[94m114^[[0m ^[[1m^[[94m|^[[0m             &Symbol::new(&env, &format!("version:{}", schema_id.to_string())),
test	Run tests	2026-06-25T13:35:28.7165967Z     ^[[1m^[[94m|^[[0m                                                                 ^[[1m^[[91m^^^^^^^^^^[[0m ^[[1m^[[91mmethod cannot be called on `soroban_sdk::Bytes` due to unsatisfied trait bounds^[[0m
test	Run tests	2026-06-25T13:35:28.7166985Z     ^[[1m^[[94m|^[[0m
test	Run tests	2026-06-25T13:35:28.7167942Z    ^[[1m^[[94m::: ^[[0m/home/runner/.cargo/registry/src/index.crates.io-1949cf8c6b5b557f/soroban-sdk-22.0.11/src/bytes.rs:254:1
test	Run tests	2026-06-25T13:35:28.7168870Z     ^[[1m^[[94m|^[[0m
test	Run tests	2026-06-25T13:35:28.7169392Z ^[[1m^[[94m254^[[0m ^[[1m^[[94m|^[[0m pub struct Bytes {
test	Run tests	2026-06-25T13:35:28.7170723Z     ^[[1m^[[94m|^[[0m ^[[1m^[[94m----------------^[[0m ^[[1m^[[94mdoesn't satisfy `soroban_sdk::Bytes: ToString` or `soroban_sdk::Bytes: std::fmt::Display`^[[0m
test	Run tests	2026-06-25T13:35:28.7171820Z     ^[[1m^[[94m|^[[0m
test	Run tests	2026-06-25T13:35:28.7172458Z     ^[[1m^[[94m= ^[[0m^[[1mnote^[[0m: the following trait bounds were not satisfied:
test	Run tests	2026-06-25T13:35:28.7173149Z             `soroban_sdk::Bytes: std::fmt::Display`
test	Run tests	2026-06-25T13:35:28.7173985Z             which is required by `soroban_sdk::Bytes: ToString`
test	Run tests	2026-06-25T13:35:28.7174415Z 
test	Run tests	2026-06-25T13:35:28.7232201Z ^[[1m^[[91merror[E0599]^[[0m^[[1m: `soroban_sdk::Bytes` doesn't implement `std::fmt::Display`^[[0m
test	Run tests	2026-06-25T13:35:28.7234323Z ##[error]   ^[[1m^[[94m--> ^[[0msrc/schema_registry.rs:134:54
test	Run tests	2026-06-25T13:35:28.7236125Z     ^[[1m^[[94m|^[[0m
test	Run tests	2026-06-25T13:35:28.7236649Z ^[[1m^[[94m134^[[0m ^[[1m^[[94m|^[[0m                     &format!("version:{}", schema_id.to_string()),
test	Run tests	2026-06-25T13:35:28.7237806Z     ^[[1m^[[94m|^[[0m                                                      ^[[1m^[[91m^^^^^^^^^^[[0m ^[[1m^[[91mmethod cannot be called on `soroban_sdk::Bytes` due to unsatisfied trait bounds^[[0m
test	Run tests	2026-06-25T13:35:28.7238606Z     ^[[1m^[[94m|^[[0m
test	Run tests	2026-06-25T13:35:28.7239336Z    ^[[1m^[[94m::: ^[[0m/home/runner/.cargo/registry/src/index.crates.io-1949cf8c6b5b557f/soroban-sdk-22.0.11/src/bytes.rs:254:1
test	Run tests	2026-06-25T13:35:28.7240030Z     ^[[1m^[[94m|^[[0m
test	Run tests	2026-06-25T13:35:28.7240373Z ^[[1m^[[94m254^[[0m ^[[1m^[[94m|^[[0m pub struct Bytes {
test	Run tests	2026-06-25T13:35:28.7241285Z     ^[[1m^[[94m|^[[0m ^[[1m^[[94m----------------^[[0m ^[[1m^[[94mdoesn't satisfy `soroban_sdk::Bytes: ToString` or `soroban_sdk::Bytes: std::fmt::Display`^[[0m
test	Run tests	2026-06-25T13:35:28.7242019Z     ^[[1m^[[94m|^[[0m
test	Run tests	2026-06-25T13:35:28.7242470Z     ^[[1m^[[94m= ^[[0m^[[1mnote^[[0m: the following trait bounds were not satisfied:
test	Run tests	2026-06-25T13:35:28.7242963Z             `soroban_sdk::Bytes: std::fmt::Display`
test	Run tests	2026-06-25T13:35:28.7243624Z             which is required by `soroban_sdk::Bytes: ToString`
test	Run tests	2026-06-25T13:35:28.7243896Z 
test	Run tests	2026-06-25T13:35:28.7306585Z ^[[1m^[[91merror[E0599]^[[0m^[[1m: the method `to_string` exists for reference `&soroban_sdk::Bytes`, but its trait bounds were not satisfied^[[0m
test	Run tests	2026-06-25T13:35:28.7308134Z ##[error]   ^[[1m^[[94m--> ^[[0msrc/schema_registry.rs:155:49
test	Run tests	2026-06-25T13:35:28.7309078Z     ^[[1m^[[94m|^[[0m
test	Run tests	2026-06-25T13:35:28.7309648Z ^[[1m^[[94m155^[[0m ^[[1m^[[94m|^[[0m             &format!("schema:{}:v{}", schema_id.to_string(), version),
test	Run tests	2026-06-25T13:35:28.7310836Z     ^[[1m^[[94m|^[[0m                                                 ^[[1m^[[91m^^^^^^^^^^[[0m ^[[1m^[[91mmethod cannot be called on `&soroban_sdk::Bytes` due to unsatisfied trait bounds^[[0m
test	Run tests	2026-06-25T13:35:28.7311586Z     ^[[1m^[[94m|^[[0m
test	Run tests	2026-06-25T13:35:28.7312403Z    ^[[1m^[[94m::: ^[[0m/home/runner/.cargo/registry/src/index.crates.io-1949cf8c6b5b557f/soroban-sdk-22.0.11/src/bytes.rs:254:1
test	Run tests	2026-06-25T13:35:28.7313501Z     ^[[1m^[[94m|^[[0m
test	Run tests	2026-06-25T13:35:28.7313897Z ^[[1m^[[94m254^[[0m ^[[1m^[[94m|^[[0m pub struct Bytes {
test	Run tests	2026-06-25T13:35:28.7315148Z     ^[[1m^[[94m|^[[0m ^[[1m^[[94m----------------^[[0m ^[[1m^[[94mdoesn't satisfy `soroban_sdk::Bytes: ToString` or `soroban_sdk::Bytes: std::fmt::Display`^[[0m
test	Run tests	2026-06-25T13:35:28.7315949Z     ^[[1m^[[94m|^[[0m
test	Run tests	2026-06-25T13:35:28.7316427Z     ^[[1m^[[94m= ^[[0m^[[1mnote^[[0m: the following trait bounds were not satisfied:
test	Run tests	2026-06-25T13:35:28.7316962Z             `soroban_sdk::Bytes: std::fmt::Display`
test	Run tests	2026-06-25T13:35:28.7317429Z             which is required by `soroban_sdk::Bytes: ToString`
test	Run tests	2026-06-25T13:35:28.7317904Z             `&soroban_sdk::Bytes: std::fmt::Display`
test	Run tests	2026-06-25T13:35:28.7318386Z             which is required by `&soroban_sdk::Bytes: ToString`
test	Run tests	2026-06-25T13:35:28.7318705Z 
test	Run tests	2026-06-25T13:35:28.9181824Z ^[[1m^[[91merror[E0433]^[[0m^[[1m: cannot find type `ZKAttestation` in this scope^[[0m
test	Run tests	2026-06-25T13:35:28.9184063Z ##[error]   ^[[1m^[[94m--> ^[[0msrc/zk_attestation.rs:105:1
test	Run tests	2026-06-25T13:35:28.9185600Z     ^[[1m^[[94m|^[[0m
test	Run tests	2026-06-25T13:35:28.9186165Z ^[[1m^[[94m105^[[0m ^[[1m^[[94m|^[[0m #[contractimpl]
test	Run tests	2026-06-25T13:35:28.9186968Z     ^[[1m^[[94m|^[[0m ^[[1m^[[91m^^^^^^^^^^^^^^^^[[0m ^[[1m^[[91muse of undeclared type `ZKAttestation`^[[0m
test	Run tests	2026-06-25T13:35:28.9187654Z     ^[[1m^[[94m|^[[0m
test	Run tests	2026-06-25T13:35:28.9188766Z     ^[[1m^[[94m= ^[[0m^[[1mnote^[[0m: this error originates in the attribute macro `contractimpl` (in Nightly builds, run with -Z macro-backtrace for more info)
test	Run tests	2026-06-25T13:35:28.9189679Z 
test	Run tests	2026-06-25T13:35:29.2770156Z ^[[1m^[[91merror[E0599]^[[0m^[[1m: no associated function or constant named `register_issuer` found for struct `credential_issuer::CredentialIssuer` in the current scope^[[0m
test	Run tests	2026-06-25T13:35:29.2774413Z ##[error]   ^[[1m^[[94m--> ^[[0msrc/fuzz_test_script.rs:225:27
test	Run tests	2026-06-25T13:35:29.2775943Z     ^[[1m^[[94m|^[[0m
test	Run tests	2026-06-25T13:35:29.2777064Z ^[[1m^[[94m225^[[0m ^[[1m^[[94m|^[[0m         CredentialIssuer::register_issuer(env.clone(), issuer.clone()).unwrap();
test	Run tests	2026-06-25T13:35:29.2780137Z     ^[[1m^[[94m|^[[0m                           ^[[1m^[[91m^^^^^^^^^^^^^^^^[[0m ^[[1m^[[91massociated function or constant not found in `credential_issuer::CredentialIssuer`^[[0m
test	Run tests	2026-06-25T13:35:29.2781587Z     ^[[1m^[[94m|^[[0m
test	Run tests	2026-06-25T13:35:29.2782164Z    ^[[1m^[[94m::: ^[[0msrc/credential_issuer.rs:111:1
test	Run tests	2026-06-25T13:35:29.2782793Z     ^[[1m^[[94m|^[[0m
test	Run tests	2026-06-25T13:35:29.2783660Z ^[[1m^[[94m111^[[0m ^[[1m^[[94m|^[[0m pub struct CredentialIssuer;
test	Run tests	2026-06-25T13:35:29.2784975Z     ^[[1m^[[94m|^[[0m ^[[1m^[[94m---------------------------^[[0m ^[[1m^[[94massociated function or constant `register_issuer` not found for this struct^[[0m
test	Run tests	2026-06-25T13:35:29.2878924Z 
test	Run tests	2026-06-25T13:35:29.2880348Z ^[[1m^[[91merror[E0599]^[[0m^[[1m: no associated function or constant named `register_issuer` found for struct `credential_issuer::CredentialIssuer` in the current scope^[[0m
test	Run tests	2026-06-25T13:35:29.2882667Z ##[error]   ^[[1m^[[94m--> ^[[0msrc/fuzz_test_script.rs:271:27
test	Run tests	2026-06-25T13:35:29.2884181Z     ^[[1m^[[94m|^[[0m
test	Run tests	2026-06-25T13:35:29.2885120Z ^[[1m^[[94m271^[[0m ^[[1m^[[94m|^[[0m         CredentialIssuer::register_issuer(env.clone(), issuer.clone()).unwrap();
test	Run tests	2026-06-25T13:35:29.2886966Z     ^[[1m^[[94m|^[[0m                           ^[[1m^[[91m^^^^^^^^^^^^^^^^[[0m ^[[1m^[[91massociated function or constant not found in `credential_issuer::CredentialIssuer`^[[0m
test	Run tests	2026-06-25T13:35:29.2888098Z     ^[[1m^[[94m|^[[0m
test	Run tests	2026-06-25T13:35:29.2888659Z    ^[[1m^[[94m::: ^[[0msrc/credential_issuer.rs:111:1
test	Run tests	2026-06-25T13:35:29.2889242Z     ^[[1m^[[94m|^[[0m
test	Run tests	2026-06-25T13:35:29.2889803Z ^[[1m^[[94m111^[[0m ^[[1m^[[94m|^[[0m pub struct CredentialIssuer;
test	Run tests	2026-06-25T13:35:29.2891102Z     ^[[1m^[[94m|^[[0m ^[[1m^[[94m---------------------------^[[0m ^[[1m^[[94massociated function or constant `register_issuer` not found for this struct^[[0m
test	Run tests	2026-06-25T13:35:29.2892003Z 
test	Run tests	2026-06-25T13:35:29.2976086Z ^[[1m^[[91merror[E0599]^[[0m^[[1m: no variant, associated function, or constant named `InvalidCredentialType` found for enum `credential_issuer::CredentialIssuerError` in the current scope^[[0m
test	Run tests	2026-06-25T13:35:29.2978893Z ##[error]   ^[[1m^[[94m--> ^[[0msrc/fuzz_test_script.rs:284:36
test	Run tests	2026-06-25T13:35:29.2980296Z     ^[[1m^[[94m|^[[0m
test	Run tests	2026-06-25T13:35:29.2981480Z ^[[1m^[[94m284^[[0m ^[[1m^[[94m|^[[0m             CredentialIssuerError::InvalidCredentialType
test	Run tests	2026-06-25T13:35:29.2983590Z     ^[[1m^[[94m|^[[0m                                    ^[[1m^[[91m^^^^^^^^^^^^^^^^^^^^^^[[0m ^[[1m^[[91mvariant, associated function, or constant not found in `credential_issuer::CredentialIssuerError`^[[0m
test	Run tests	2026-06-25T13:35:29.2984913Z     ^[[1m^[[94m|^[[0m
test	Run tests	2026-06-25T13:35:29.2985525Z    ^[[1m^[[94m::: ^[[0msrc/credential_issuer.rs:91:1
test	Run tests	2026-06-25T13:35:29.2986161Z     ^[[1m^[[94m|^[[0m
test	Run tests	2026-06-25T13:35:29.2986810Z ^[[1m^[[94m 91^[[0m ^[[1m^[[94m|^[[0m pub enum CredentialIssuerError {
test	Run tests	2026-06-25T13:35:29.2988352Z     ^[[1m^[[94m|^[[0m ^[[1m^[[94m------------------------------^[[0m ^[[1m^[[94mvariant, associated function, or constant `InvalidCredentialType` not found for this enum^[[0m
test	Run tests	2026-06-25T13:35:29.2989582Z     ^[[1m^[[94m|^[[0m
test	Run tests	2026-06-25T13:35:29.2990183Z ^[[1m^[[96mhelp^[[0m: there is a variant with a similar name
test	Run tests	2026-06-25T13:35:29.2990833Z     ^[[1m^[[94m|^[[0m
test	Run tests	2026-06-25T13:35:29.2991725Z ^[[1m^[[94m284^[[0m ^[[91m- ^[[0m            CredentialIssuerError::^[[91mInvalidCredentialType^[[0m
test	Run tests	2026-06-25T13:35:29.2993053Z ^[[1m^[[94m284^[[0m ^[[92m+ ^[[0m            CredentialIssuerError::^[[92mInvalidCredential^[[0m
test	Run tests	2026-06-25T13:35:29.2994123Z     ^[[1m^[[94m|^[[0m
test	Run tests	2026-06-25T13:35:29.2994371Z 
test	Run tests	2026-06-25T13:35:29.3071897Z ^[[1m^[[91merror[E0599]^[[0m^[[1m: no associated function or constant named `register_issuer` found for struct `credential_issuer::CredentialIssuer` in the current scope^[[0m
test	Run tests	2026-06-25T13:35:29.3075164Z ##[error]   ^[[1m^[[94m--> ^[[0msrc/fuzz_test_script.rs:335:27
test	Run tests	2026-06-25T13:35:29.3076341Z     ^[[1m^[[94m|^[[0m
test	Run tests	2026-06-25T13:35:29.3077228Z ^[[1m^[[94m335^[[0m ^[[1m^[[94m|^[[0m         CredentialIssuer::register_issuer(env.clone(), issuer.clone()).unwrap();
test	Run tests	2026-06-25T13:35:29.3078807Z     ^[[1m^[[94m|^[[0m                           ^[[1m^[[91m^^^^^^^^^^^^^^^^[[0m ^[[1m^[[91massociated function or constant not found in `credential_issuer::CredentialIssuer`^[[0m
test	Run tests	2026-06-25T13:35:29.3080061Z     ^[[1m^[[94m|^[[0m
test	Run tests	2026-06-25T13:35:29.3080550Z    ^[[1m^[[94m::: ^[[0msrc/credential_issuer.rs:111:1
test	Run tests	2026-06-25T13:35:29.3081063Z     ^[[1m^[[94m|^[[0m
test	Run tests	2026-06-25T13:35:29.3081573Z ^[[1m^[[94m111^[[0m ^[[1m^[[94m|^[[0m pub struct CredentialIssuer;
test	Run tests	2026-06-25T13:35:29.3082753Z     ^[[1m^[[94m|^[[0m ^[[1m^[[94m---------------------------^[[0m ^[[1m^[[94massociated function or constant `register_issuer` not found for this struct^[[0m
test	Run tests	2026-06-25T13:35:29.3083729Z 
test	Run tests	2026-06-25T13:35:29.3141276Z ^[[1m^[[91merror[E0599]^[[0m^[[1m: no associated function or constant named `register_issuer` found for struct `credential_issuer::CredentialIssuer` in the current scope^[[0m
test	Run tests	2026-06-25T13:35:29.3143668Z ##[error]   ^[[1m^[[94m--> ^[[0msrc/fuzz_test_script.rs:336:40
test	Run tests	2026-06-25T13:35:29.3144867Z     ^[[1m^[[94m|^[[0m
test	Run tests	2026-06-25T13:35:29.3145741Z ^[[1m^[[94m336^[[0m ^[[1m^[[94m|^[[0m         let result = CredentialIssuer::register_issuer(env.clone(), issuer);
test	Run tests	2026-06-25T13:35:29.3147350Z     ^[[1m^[[94m|^[[0m                                        ^[[1m^[[91m^^^^^^^^^^^^^^^^[[0m ^[[1m^[[91massociated function or constant not found in `credential_issuer::CredentialIssuer`^[[0m
test	Run tests	2026-06-25T13:35:29.3148376Z     ^[[1m^[[94m|^[[0m
test	Run tests	2026-06-25T13:35:29.3148860Z    ^[[1m^[[94m::: ^[[0msrc/credential_issuer.rs:111:1
test	Run tests	2026-06-25T13:35:29.3149373Z     ^[[1m^[[94m|^[[0m
test	Run tests	2026-06-25T13:35:29.3149880Z ^[[1m^[[94m111^[[0m ^[[1m^[[94m|^[[0m pub struct CredentialIssuer;
test	Run tests	2026-06-25T13:35:29.3151059Z     ^[[1m^[[94m|^[[0m ^[[1m^[[94m---------------------------^[[0m ^[[1m^[[94massociated function or constant `register_issuer` not found for this struct^[[0m
test	Run tests	2026-06-25T13:35:29.3151871Z 
test	Run tests	2026-06-25T13:35:29.3215309Z ^[[1m^[[91merror[E0599]^[[0m^[[1m: no associated function or constant named `register_issuer` found for struct `credential_issuer::CredentialIssuer` in the current scope^[[0m
test	Run tests	2026-06-25T13:35:29.3217316Z ##[error]   ^[[1m^[[94m--> ^[[0msrc/fuzz_test_script.rs:349:27
test	Run tests	2026-06-25T13:35:29.3218357Z     ^[[1m^[[94m|^[[0m
test	Run tests	2026-06-25T13:35:29.3219150Z ^[[1m^[[94m349^[[0m ^[[1m^[[94m|^[[0m         CredentialIssuer::register_issuer(env.clone(), issuer.clone()).unwrap();
test	Run tests	2026-06-25T13:35:29.3220770Z     ^[[1m^[[94m|^[[0m                           ^[[1m^[[91m^^^^^^^^^^^^^^^^[[0m ^[[1m^[[91massociated function or constant not found in `credential_issuer::CredentialIssuer`^[[0m
test	Run tests	2026-06-25T13:35:29.3221643Z     ^[[1m^[[94m|^[[0m
test	Run tests	2026-06-25T13:35:29.3222064Z    ^[[1m^[[94m::: ^[[0msrc/credential_issuer.rs:111:1
test	Run tests	2026-06-25T13:35:29.3222525Z     ^[[1m^[[94m|^[[0m
test	Run tests	2026-06-25T13:35:29.3222969Z ^[[1m^[[94m111^[[0m ^[[1m^[[94m|^[[0m pub struct CredentialIssuer;
test	Run tests	2026-06-25T13:35:29.3224314Z     ^[[1m^[[94m|^[[0m ^[[1m^[[94m---------------------------^[[0m ^[[1m^[[94massociated function or constant `register_issuer` not found for this struct^[[0m
test	Run tests	2026-06-25T13:35:29.3225197Z 
test	Run tests	2026-06-25T13:35:29.3434348Z ^[[1m^[[91merror[E0599]^[[0m^[[1m: no associated function or constant named `register_issuer` found for struct `credential_issuer::CredentialIssuer` in the current scope^[[0m
test	Run tests	2026-06-25T13:35:29.3436818Z ##[error]   ^[[1m^[[94m--> ^[[0msrc/integration_tests.rs:118:23
test	Run tests	2026-06-25T13:35:29.3438030Z     ^[[1m^[[94m|^[[0m
test	Run tests	2026-06-25T13:35:29.3438907Z ^[[1m^[[94m118^[[0m ^[[1m^[[94m|^[[0m     CredentialIssuer::register_issuer(env.clone(), issuer.clone()).unwrap();
test	Run tests	2026-06-25T13:35:29.3440463Z     ^[[1m^[[94m|^[[0m                       ^[[1m^[[91m^^^^^^^^^^^^^^^^[[0m ^[[1m^[[91massociated function or constant not found in `credential_issuer::CredentialIssuer`^[[0m
test	Run tests	2026-06-25T13:35:29.3441438Z     ^[[1m^[[94m|^[[0m
test	Run tests	2026-06-25T13:35:29.3441914Z    ^[[1m^[[94m::: ^[[0msrc/credential_issuer.rs:111:1
test	Run tests	2026-06-25T13:35:29.3442422Z     ^[[1m^[[94m|^[[0m
test	Run tests	2026-06-25T13:35:29.3442925Z ^[[1m^[[94m111^[[0m ^[[1m^[[94m|^[[0m pub struct CredentialIssuer;
test	Run tests	2026-06-25T13:35:29.3444265Z     ^[[1m^[[94m|^[[0m ^[[1m^[[94m---------------------------^[[0m ^[[1m^[[94massociated function or constant `register_issuer` not found for this struct^[[0m
test	Run tests	2026-06-25T13:35:29.3444951Z 
test	Run tests	2026-06-25T13:35:29.7008824Z ^[[1m^[[91merror[E0061]^[[0m^[[1m: this function takes 7 arguments but 5 arguments were supplied^[[0m
test	Run tests	2026-06-25T13:35:29.7012007Z ##[error]   ^[[1m^[[94m--> ^[[0msrc/integration_tests.rs:120:19
test	Run tests	2026-06-25T13:35:29.7013696Z     ^[[1m^[[94m|^[[0m
test	Run tests	2026-06-25T13:35:29.7014773Z ^[[1m^[[94m120^[[0m ^[[1m^[[94m|^[[0m       let cred_id = CredentialIssuer::issue_credential(
test	Run tests	2026-06-25T13:35:29.7015787Z     ^[[1m^[[94m|^[[0m ^[[1m^[[94m ___________________^[[0m^[[1m^[[91m^^^^^^^^^^^^^^^^^^^^^^^^^^^^^^^^^^^[[0m^[[1m^[[94m-^[[0m
test	Run tests	2026-06-25T13:35:29.7016649Z ^[[1m^[[94m121^[[0m ^[[1m^[[94m|^[[0m ^[[1m^[[94m|^[[0m         env.clone(),
test	Run tests	2026-06-25T13:35:29.7017376Z ^[[1m^[[94m122^[[0m ^[[1m^[[94m|^[[0m ^[[1m^[[94m|^[[0m         issuer.clone(),
test	Run tests	2026-06-25T13:35:29.7018109Z ^[[1m^[[94m123^[[0m ^[[1m^[[94m|^[[0m ^[[1m^[[94m|^[[0m         subject.clone(),
test	Run tests	2026-06-25T13:35:29.7019014Z ^[[1m^[[94m124^[[0m ^[[1m^[[94m|^[[0m ^[[1m^[[94m|^[[0m         Bytes::from_slice(&env, b"KYCCredential"),
test	Run tests	2026-06-25T13:35:29.7020504Z     ^[[1m^[[94m|^[[0m ^[[1m^[[94m|^[[0m         ^[[1m^[[94m-----------------------------------------^[[0m ^[[1m^[[94margument #4 of type `soroban_sdk::Vec<soroban_sdk::Bytes>` is missing^[[0m
test	Run tests	2026-06-25T13:35:29.7021585Z ^[[1m^[[94m125^[[0m ^[[1m^[[94m|^[[0m ^[[1m^[[94m|^[[0m         make_claims(&env),
test	Run tests	2026-06-25T13:35:29.7022057Z ^[[1m^[[94m126^[[0m ^[[1m^[[94m|^[[0m ^[[1m^[[94m|^[[0m     );
test	Run tests	2026-06-25T13:35:29.7022694Z     ^[[1m^[[94m|^[[0m ^[[1m^[[94m|_____-^[[0m ^[[1m^[[94margument #7 of type `soroban_sdk::Bytes` is missing^[[0m
test	Run tests	2026-06-25T13:35:29.7023352Z     ^[[1m^[[94m|^[[0m
test	Run tests	2026-06-25T13:35:29.7023747Z ^[[1m^[[92mnote^[[0m: expected `Option<u64>`, found `Map<Bytes, Bytes>`
test	Run tests	2026-06-25T13:35:29.7024235Z    ^[[1m^[[94m--> ^[[0msrc/integration_tests.rs:125:9
test	Run tests	2026-06-25T13:35:29.7024601Z     ^[[1m^[[94m|^[[0m
test	Run tests	2026-06-25T13:35:29.7024936Z ^[[1m^[[94m125^[[0m ^[[1m^[[94m|^[[0m         make_claims(&env),
test	Run tests	2026-06-25T13:35:29.7025366Z     ^[[1m^[[94m|^[[0m         ^[[1m^[[92m^^^^^^^^^^^^^^^^^^[[0m
test	Run tests	2026-06-25T13:35:29.7025935Z     ^[[1m^[[94m= ^[[0m^[[1mnote^[[0m: expected enum `^[[1m^[[35mstd::option::Option<u64>^[[0m`
test	Run tests	2026-06-25T13:35:29.7026675Z              found struct `^[[1m^[[35msoroban_sdk::Map<soroban_sdk::Bytes, soroban_sdk::Bytes>^[[0m`
test	Run tests	2026-06-25T13:35:29.7027294Z ^[[1m^[[92mnote^[[0m: associated function defined here
test	Run tests	2026-06-25T13:35:29.7027725Z    ^[[1m^[[94m--> ^[[0msrc/credential_issuer.rs:118:12
test	Run tests	2026-06-25T13:35:29.7028262Z     ^[[1m^[[94m|^[[0m
test	Run tests	2026-06-25T13:35:29.7028608Z ^[[1m^[[94m118^[[0m ^[[1m^[[94m|^[[0m     pub fn issue_credential(
test	Run tests	2026-06-25T13:35:29.7029063Z     ^[[1m^[[94m|^[[0m            ^[[1m^[[92m^^^^^^^^^^^^^^^^^[[0m
test	Run tests	2026-06-25T13:35:29.7029558Z ^[[1m^[[94m...^[[0m
test	Run tests	2026-06-25T13:35:29.7029977Z ^[[1m^[[94m122^[[0m ^[[1m^[[94m|^[[0m         credential_type: Vec<Bytes>,
test	Run tests	2026-06-25T13:35:29.7030846Z     ^[[1m^[[94m|^[[0m         ^[[1m^[[94m---------------------------^[[0m
test	Run tests	2026-06-25T13:35:29.7031466Z ^[[1m^[[94m123^[[0m ^[[1m^[[94m|^[[0m         credential_data: Bytes,
test	Run tests	2026-06-25T13:35:29.7031970Z ^[[1m^[[94m124^[[0m ^[[1m^[[94m|^[[0m         expiration_date: Option<u64>,
test	Run tests	2026-06-25T13:35:29.7032425Z     ^[[1m^[[94m|^[[0m         ^[[1m^[[94m----------------------------^[[0m
test	Run tests	2026-06-25T13:35:29.7032844Z ^[[1m^[[94m125^[[0m ^[[1m^[[94m|^[[0m         proof: Bytes,
test	Run tests	2026-06-25T13:35:29.7033491Z     ^[[1m^[[94m|^[[0m         ^[[1m^[[94m------------^[[0m
test	Run tests	2026-06-25T13:35:29.7033877Z ^[[1m^[[96mhelp^[[0m: provide the arguments
test	Run tests	2026-06-25T13:35:29.7034199Z     ^[[1m^[[94m|^[[0m
test	Run tests	2026-06-25T13:35:29.7034769Z ^[[1m^[[94m120^[[0m ^[[92m~ ^[[0m    let cred_id = CredentialIssuer::issue_credential^[[92m(^[[0m
test	Run tests	2026-06-25T13:35:29.7035286Z ^[[1m^[[94m121^[[0m ^[[92m+         env.clone(),^[[0m
test	Run tests	2026-06-25T13:35:29.7035654Z ^[[1m^[[94m122^[[0m ^[[92m+         issuer.clone(),^[[0m
test	Run tests	2026-06-25T13:35:29.7036040Z ^[[1m^[[94m123^[[0m ^[[92m+         subject.clone(),^[[0m
test	Run tests	2026-06-25T13:35:29.7036543Z ^[[1m^[[94m124^[[0m ^[[92m+         /* soroban_sdk::Vec<soroban_sdk::Bytes> */,^[[0m
test	Run tests	2026-06-25T13:35:29.7037096Z ^[[1m^[[94m125^[[0m ^[[92m+         Bytes::from_slice(&env, b"KYCCredential"),^[[0m
test	Run tests	2026-06-25T13:35:29.7037627Z ^[[1m^[[94m126^[[0m ^[[92m+         /* std::option::Option<u64> */,^[[0m
test	Run tests	2026-06-25T13:35:29.7038108Z ^[[1m^[[94m127^[[0m ^[[92m+         /* soroban_sdk::Bytes */,^[[0m
test	Run tests	2026-06-25T13:35:29.7038655Z ^[[1m^[[94m128^[[0m ^[[92m~     )^[[0m;
test	Run tests	2026-06-25T13:35:29.7038938Z     ^[[1m^[[94m|^[[0m
test	Run tests	2026-06-25T13:35:29.7039064Z 
test	Run tests	2026-06-25T13:35:29.7039477Z ^[[1m^[[91merror[E0610]^[[0m^[[1m: `bool` is a primitive type and therefore doesn't have fields^[[0m
test	Run tests	2026-06-25T13:35:29.7040399Z ##[error]   ^[[1m^[[94m--> ^[[0msrc/integration_tests.rs:132:35
test	Run tests	2026-06-25T13:35:29.7041163Z     ^[[1m^[[94m|^[[0m
test	Run tests	2026-06-25T13:35:29.7041520Z ^[[1m^[[94m132^[[0m ^[[1m^[[94m|^[[0m     assert!(verification.unwrap().valid);
test	Run tests	2026-06-25T13:35:29.7041984Z     ^[[1m^[[94m|^[[0m                                   ^[[1m^[[91m^^^^^^[[0m
test	Run tests	2026-06-25T13:35:29.7042223Z 
test	Run tests	2026-06-25T13:35:29.7042603Z ^[[1m^[[91merror[E0610]^[[0m^[[1m: `bool` is a primitive type and therefore doesn't have fields^[[0m
test	Run tests	2026-06-25T13:35:29.7043643Z ##[error]   ^[[1m^[[94m--> ^[[0msrc/integration_tests.rs:144:42
test	Run tests	2026-06-25T13:35:29.7044388Z     ^[[1m^[[94m|^[[0m
test	Run tests	2026-06-25T13:35:29.7044771Z ^[[1m^[[94m144^[[0m ^[[1m^[[94m|^[[0m     assert!(!verification_after.unwrap().valid);
test	Run tests	2026-06-25T13:35:29.7045263Z     ^[[1m^[[94m|^[[0m                                          ^[[1m^[[91m^^^^^^[[0m
test	Run tests	2026-06-25T13:35:29.7045515Z 
test	Run tests	2026-06-25T13:35:29.7045776Z ^[[1m^[[91merror[E0609]^[[0m^[[1m: no field `score` on type `()`^[[0m
test	Run tests	2026-06-25T13:35:29.7046408Z ##[error]   ^[[1m^[[94m--> ^[[0msrc/integration_tests.rs:164:39
test	Run tests	2026-06-25T13:35:29.7047115Z     ^[[1m^[[94m|^[[0m
test	Run tests	2026-06-25T13:35:29.7047480Z ^[[1m^[[94m164^[[0m ^[[1m^[[94m|^[[0m     let initial_score = init.unwrap().score;
test	Run tests	2026-06-25T13:35:29.7048003Z     ^[[1m^[[94m|^[[0m                                       ^[[1m^[[91m^^^^^^[[0m ^[[1m^[[91munknown field^[[0m
test	Run tests	2026-06-25T13:35:29.7048290Z 
test	Run tests	2026-06-25T13:35:29.7483985Z ^[[1m^[[91merror[E0599]^[[0m^[[1m: no method named `is_ok` found for type `u32` in the current scope^[[0m
test	Run tests	2026-06-25T13:35:29.7485689Z ##[error]   ^[[1m^[[94m--> ^[[0msrc/integration_tests.rs:172:30
test	Run tests	2026-06-25T13:35:29.7486990Z     ^[[1m^[[94m|^[[0m
test	Run tests	2026-06-25T13:35:29.7487569Z ^[[1m^[[94m172^[[0m ^[[1m^[[94m|^[[0m     assert!(score_after_txns.is_ok());
test	Run tests	2026-06-25T13:35:29.7488450Z     ^[[1m^[[94m|^[[0m                              ^[[1m^[[91m^^^^^^[[0m ^[[1m^[[91mmethod not found in `u32`^[[0m
test	Run tests	2026-06-25T13:35:29.7488971Z 
test	Run tests	2026-06-25T13:35:29.7580761Z ^[[1m^[[91merror[E0599]^[[0m^[[1m: no method named `unwrap` found for type `u32` in the current scope^[[0m
test	Run tests	2026-06-25T13:35:29.7582875Z ##[error]   ^[[1m^[[94m--> ^[[0msrc/integration_tests.rs:173:30
test	Run tests	2026-06-25T13:35:29.7584731Z     ^[[1m^[[94m|^[[0m
test	Run tests	2026-06-25T13:35:29.7585534Z ^[[1m^[[94m173^[[0m ^[[1m^[[94m|^[[0m     assert!(score_after_txns.unwrap() > initial_score);
test	Run tests	2026-06-25T13:35:29.7586712Z     ^[[1m^[[94m|^[[0m                              ^[[1m^[[91m^^^^^^^[[0m ^[[1m^[[91mmethod not found in `u32`^[[0m
test	Run tests	2026-06-25T13:35:29.7587337Z 
test	Run tests	2026-06-25T13:35:29.7684173Z ^[[1m^[[91merror[E0599]^[[0m^[[1m: no associated function or constant named `get_reputation_data` found for struct `reputation_score::ReputationScore` in the current scope^[[0m
test	Run tests	2026-06-25T13:35:29.7687067Z ##[error]   ^[[1m^[[94m--> ^[[0msrc/integration_tests.rs:182:33
test	Run tests	2026-06-25T13:35:29.7688533Z     ^[[1m^[[94m|^[[0m
test	Run tests	2026-06-25T13:35:29.7689649Z ^[[1m^[[94m182^[[0m ^[[1m^[[94m|^[[0m     let data = ReputationScore::get_reputation_data(env.clone(), user.clone());
test	Run tests	2026-06-25T13:35:29.7691627Z     ^[[1m^[[94m|^[[0m                                 ^[[1m^[[91m^^^^^^^^^^^^^^^^^^^^[[0m ^[[1m^[[91massociated function or constant not found in `reputation_score::ReputationScore`^[[0m
test	Run tests	2026-06-25T13:35:29.7692727Z     ^[[1m^[[94m|^[[0m
test	Run tests	2026-06-25T13:35:29.7693362Z    ^[[1m^[[94m::: ^[[0msrc/reputation_score.rs:114:1
test	Run tests	2026-06-25T13:35:29.7693876Z     ^[[1m^[[94m|^[[0m
test	Run tests	2026-06-25T13:35:29.7694375Z ^[[1m^[[94m114^[[0m ^[[1m^[[94m|^[[0m pub struct ReputationScore;
test	Run tests	2026-06-25T13:35:29.7695559Z     ^[[1m^[[94m|^[[0m ^[[1m^[[94m--------------------------^[[0m ^[[1m^[[94massociated function or constant `get_reputation_data` not found for this struct^[[0m
test	Run tests	2026-06-25T13:35:29.7696543Z     ^[[1m^[[94m|^[[0m
test	Run tests	2026-06-25T13:35:29.7697249Z ^[[1m^[[96mhelp^[[0m: there is an associated function `get_reputation_score` with a similar name
test	Run tests	2026-06-25T13:35:29.7697998Z     ^[[1m^[[94m|^[[0m
test	Run tests	2026-06-25T13:35:29.7699097Z ^[[1m^[[94m182^[[0m ^[[91m- ^[[0m    let data = ReputationScore::^[[91mget_reputation_data^[[0m(env.clone(), user.clone());
test	Run tests	2026-06-25T13:35:29.7700447Z ^[[1m^[[94m182^[[0m ^[[92m+ ^[[0m    let data = ReputationScore::^[[92mget_reputation_score^[[0m(env.clone(), user.clone());
test	Run tests	2026-06-25T13:35:29.7701285Z     ^[[1m^[[94m|^[[0m
test	Run tests	2026-06-25T13:35:29.7701525Z 
test	Run tests	2026-06-25T13:35:29.7704210Z ^[[1m^[[91merror[E0061]^[[0m^[[1m: this function takes 5 arguments but 4 arguments were supplied^[[0m
test	Run tests	2026-06-25T13:35:29.7705732Z ##[error]   ^[[1m^[[94m--> ^[[0msrc/integration_tests.rs:214:9
test	Run tests	2026-06-25T13:35:29.7707101Z     ^[[1m^[[94m|^[[0m
test	Run tests	2026-06-25T13:35:29.7708135Z ^[[1m^[[94m214^[[0m ^[[1m^[[94m|^[[0m         ComplianceFilter::load_list_entries(env.clone(), admin.clone(), source.clone(), entries);
test	Run tests	2026-06-25T13:35:29.7710406Z     ^[[1m^[[94m|^[[0m         ^[[1m^[[91m^^^^^^^^^^^^^^^^^^^^^^^^^^^^^^^^^^^^[[0m^[[1m^[[94m-----------------------------------------------------^[[0m ^[[1m^[[94margument #5 of type `soroban_sdk::BytesN<32>` is missing^[[0m
test	Run tests	2026-06-25T13:35:29.7711799Z     ^[[1m^[[94m|^[[0m
test	Run tests	2026-06-25T13:35:29.7712369Z ^[[1m^[[92mnote^[[0m: associated function defined here
test	Run tests	2026-06-25T13:35:29.7713144Z    ^[[1m^[[94m--> ^[[0msrc/compliance_filter.rs:265:12
test	Run tests	2026-06-25T13:35:29.7714037Z     ^[[1m^[[94m|^[[0m
test	Run tests	2026-06-25T13:35:29.7714611Z ^[[1m^[[94m265^[[0m ^[[1m^[[94m|^[[0m     pub fn load_list_entries(
test	Run tests	2026-06-25T13:35:29.7715354Z     ^[[1m^[[94m|^[[0m            ^[[1m^[[92m^^^^^^^^^^^^^^^^^^[[0m
test	Run tests	2026-06-25T13:35:29.7715987Z ^[[1m^[[94m...^[[0m
test	Run tests	2026-06-25T13:35:29.7716629Z ^[[1m^[[94m270^[[0m ^[[1m^[[94m|^[[0m         expected_hash: BytesN<32>,
test	Run tests	2026-06-25T13:35:29.7717451Z     ^[[1m^[[94m|^[[0m         ^[[1m^[[94m-------------------------^[[0m
test	Run tests	2026-06-25T13:35:29.7718127Z ^[[1m^[[96mhelp^[[0m: provide the argument
test	Run tests	2026-06-25T13:35:29.7718677Z     ^[[1m^[[94m|^[[0m
test	Run tests	2026-06-25T13:35:29.7720112Z ^[[1m^[[94m214^[[0m ^[[1m^[[94m| ^[[0m        ComplianceFilter::load_list_entries(env.clone(), admin.clone(), source.clone(), entries^[[92m, /* soroban_sdk::BytesN<32> */^[[0m);
test	Run tests	2026-06-25T13:35:29.7721934Z     ^[[1m^[[94m|^[[0m                                                                                                ^[[92m+++++++++++++++++++++++++++++++^[[0m
test	Run tests	2026-06-25T13:35:29.7722638Z 
test	Run tests	2026-06-25T13:35:29.7833128Z ^[[1m^[[91merror[E0599]^[[0m^[[1m: no associated function or constant named `register_issuer` found for struct `credential_issuer::CredentialIssuer` in the current scope^[[0m
test	Run tests	2026-06-25T13:35:29.7835837Z ##[error]   ^[[1m^[[94m--> ^[[0msrc/integration_tests.rs:432:23
test	Run tests	2026-06-25T13:35:29.7837065Z     ^[[1m^[[94m|^[[0m
test	Run tests	2026-06-25T13:35:29.7838010Z ^[[1m^[[94m432^[[0m ^[[1m^[[94m|^[[0m     CredentialIssuer::register_issuer(env.clone(), user1.clone()).unwrap();
test	Run tests	2026-06-25T13:35:29.7839539Z     ^[[1m^[[94m|^[[0m                       ^[[1m^[[91m^^^^^^^^^^^^^^^^[[0m ^[[1m^[[91massociated function or constant not found in `credential_issuer::CredentialIssuer`^[[0m
test	Run tests	2026-06-25T13:35:29.7840497Z     ^[[1m^[[94m|^[[0m
test	Run tests	2026-06-25T13:35:29.7840988Z    ^[[1m^[[94m::: ^[[0msrc/credential_issuer.rs:111:1
test	Run tests	2026-06-25T13:35:29.7841518Z     ^[[1m^[[94m|^[[0m
test	Run tests	2026-06-25T13:35:29.7842054Z ^[[1m^[[94m111^[[0m ^[[1m^[[94m|^[[0m pub struct CredentialIssuer;
test	Run tests	2026-06-25T13:35:29.7843453Z     ^[[1m^[[94m|^[[0m ^[[1m^[[94m---------------------------^[[0m ^[[1m^[[94massociated function or constant `register_issuer` not found for this struct^[[0m
test	Run tests	2026-06-25T13:35:29.7844226Z 
test	Run tests	2026-06-25T13:35:29.7854596Z ^[[1m^[[91merror[E0061]^[[0m^[[1m: this function takes 7 arguments but 5 arguments were supplied^[[0m
test	Run tests	2026-06-25T13:35:29.7856297Z ##[error]   ^[[1m^[[94m--> ^[[0msrc/integration_tests.rs:434:19
test	Run tests	2026-06-25T13:35:29.7857701Z     ^[[1m^[[94m|^[[0m
test	Run tests	2026-06-25T13:35:29.7858571Z ^[[1m^[[94m434^[[0m ^[[1m^[[94m|^[[0m       let cred_id = CredentialIssuer::issue_credential(
test	Run tests	2026-06-25T13:35:29.7859722Z     ^[[1m^[[94m|^[[0m ^[[1m^[[94m ___________________^[[0m^[[1m^[[91m^^^^^^^^^^^^^^^^^^^^^^^^^^^^^^^^^^^[[0m^[[1m^[[94m-^[[0m
test	Run tests	2026-06-25T13:35:29.7860730Z ^[[1m^[[94m435^[[0m ^[[1m^[[94m|^[[0m ^[[1m^[[94m|^[[0m         env.clone(),
test	Run tests	2026-06-25T13:35:29.7861570Z ^[[1m^[[94m436^[[0m ^[[1m^[[94m|^[[0m ^[[1m^[[94m|^[[0m         user1.clone(),
test	Run tests	2026-06-25T13:35:29.7862695Z ^[[1m^[[94m437^[[0m ^[[1m^[[94m|^[[0m ^[[1m^[[94m|^[[0m         user2.clone(),
test	Run tests	2026-06-25T13:35:29.7864078Z ^[[1m^[[94m438^[[0m ^[[1m^[[94m|^[[0m ^[[1m^[[94m|^[[0m         Bytes::from_slice(&env, b"KYCCredential"),
test	Run tests	2026-06-25T13:35:29.7865921Z     ^[[1m^[[94m|^[[0m ^[[1m^[[94m|^[[0m         ^[[1m^[[94m-----------------------------------------^[[0m ^[[1m^[[94margument #4 of type `soroban_sdk::Vec<soroban_sdk::Bytes>` is missing^[[0m
test	Run tests	2026-06-25T13:35:29.7867368Z ^[[1m^[[94m439^[[0m ^[[1m^[[94m|^[[0m ^[[1m^[[94m|^[[0m         make_claims(&env),
test	Run tests	2026-06-25T13:35:29.7868107Z ^[[1m^[[94m440^[[0m ^[[1m^[[94m|^[[0m ^[[1m^[[94m|^[[0m     );
test	Run tests	2026-06-25T13:35:29.7868728Z     ^[[1m^[[94m|^[[0m ^[[1m^[[94m|_____-^[[0m ^[[1m^[[94margument #7 of type `soroban_sdk::Bytes` is missing^[[0m
test	Run tests	2026-06-25T13:35:29.7869184Z     ^[[1m^[[94m|^[[0m
test	Run tests	2026-06-25T13:35:29.7869543Z ^[[1m^[[92mnote^[[0m: expected `Option<u64>`, found `Map<Bytes, Bytes>`
test	Run tests	2026-06-25T13:35:29.7869986Z    ^[[1m^[[94m--> ^[[0msrc/integration_tests.rs:439:9
test	Run tests	2026-06-25T13:35:29.7870320Z     ^[[1m^[[94m|^[[0m
test	Run tests	2026-06-25T13:35:29.7870645Z ^[[1m^[[94m439^[[0m ^[[1m^[[94m|^[[0m         make_claims(&env),
test	Run tests	2026-06-25T13:35:29.7871048Z     ^[[1m^[[94m|^[[0m         ^[[1m^[[92m^^^^^^^^^^^^^^^^^^[[0m
test	Run tests	2026-06-25T13:35:29.7871570Z     ^[[1m^[[94m= ^[[0m^[[1mnote^[[0m: expected enum `^[[1m^[[35mstd::option::Option<u64>^[[0m`
test	Run tests	2026-06-25T13:35:29.7872218Z              found struct `^[[1m^[[35msoroban_sdk::Map<soroban_sdk::Bytes, soroban_sdk::Bytes>^[[0m`
test	Run tests	2026-06-25T13:35:29.7872743Z ^[[1m^[[92mnote^[[0m: associated function defined here
test	Run tests	2026-06-25T13:35:29.7873129Z    ^[[1m^[[94m--> ^[[0msrc/credential_issuer.rs:118:12
test	Run tests	2026-06-25T13:35:29.7873759Z     ^[[1m^[[94m|^[[0m
test	Run tests	2026-06-25T13:35:29.7874100Z ^[[1m^[[94m118^[[0m ^[[1m^[[94m|^[[0m     pub fn issue_credential(
test	Run tests	2026-06-25T13:35:29.7874503Z     ^[[1m^[[94m|^[[0m            ^[[1m^[[92m^^^^^^^^^^^^^^^^^[[0m
test	Run tests	2026-06-25T13:35:29.7874827Z ^[[1m^[[94m...^[[0m
test	Run tests	2026-06-25T13:35:29.7875163Z ^[[1m^[[94m122^[[0m ^[[1m^[[94m|^[[0m         credential_type: Vec<Bytes>,
test	Run tests	2026-06-25T13:35:29.7875603Z     ^[[1m^[[94m|^[[0m         ^[[1m^[[94m---------------------------^[[0m
test	Run tests	2026-06-25T13:35:29.7876045Z ^[[1m^[[94m123^[[0m ^[[1m^[[94m|^[[0m         credential_data: Bytes,
test	Run tests	2026-06-25T13:35:29.7876498Z ^[[1m^[[94m124^[[0m ^[[1m^[[94m|^[[0m         expiration_date: Option<u64>,
test	Run tests	2026-06-25T13:35:29.7877154Z     ^[[1m^[[94m|^[[0m         ^[[1m^[[94m----------------------------^[[0m
test	Run tests	2026-06-25T13:35:29.7877557Z ^[[1m^[[94m125^[[0m ^[[1m^[[94m|^[[0m         proof: Bytes,
test	Run tests	2026-06-25T13:35:29.7877941Z     ^[[1m^[[94m|^[[0m         ^[[1m^[[94m------------^[[0m
test	Run tests	2026-06-25T13:35:29.7878291Z ^[[1m^[[96mhelp^[[0m: provide the arguments
test	Run tests	2026-06-25T13:35:29.7878589Z     ^[[1m^[[94m|^[[0m
test	Run tests	2026-06-25T13:35:29.7879051Z ^[[1m^[[94m434^[[0m ^[[92m~ ^[[0m    let cred_id = CredentialIssuer::issue_credential^[[92m(^[[0m
test	Run tests	2026-06-25T13:35:29.7879530Z ^[[1m^[[94m435^[[0m ^[[92m+         env.clone(),^[[0m
test	Run tests	2026-06-25T13:35:29.7879901Z ^[[1m^[[94m436^[[0m ^[[92m+         user1.clone(),^[[0m
test	Run tests	2026-06-25T13:35:29.7880260Z ^[[1m^[[94m437^[[0m ^[[92m+         user2.clone(),^[[0m
test	Run tests	2026-06-25T13:35:29.7880722Z ^[[1m^[[94m438^[[0m ^[[92m+         /* soroban_sdk::Vec<soroban_sdk::Bytes> */,^[[0m
test	Run tests	2026-06-25T13:35:29.7881265Z ^[[1m^[[94m439^[[0m ^[[92m+         Bytes::from_slice(&env, b"KYCCredential"),^[[0m
test	Run tests	2026-06-25T13:35:29.7881783Z ^[[1m^[[94m440^[[0m ^[[92m+         /* std::option::Option<u64> */,^[[0m
test	Run tests	2026-06-25T13:35:29.7882251Z ^[[1m^[[94m441^[[0m ^[[92m+         /* soroban_sdk::Bytes */,^[[0m
test	Run tests	2026-06-25T13:35:29.7882613Z ^[[1m^[[94m442^[[0m ^[[92m~     )^[[0m;
test	Run tests	2026-06-25T13:35:29.7882888Z     ^[[1m^[[94m|^[[0m
test	Run tests	2026-06-25T13:35:29.7883019Z 
test	Run tests	2026-06-25T13:35:29.7883673Z ^[[1m^[[91merror[E0610]^[[0m^[[1m: `bool` is a primitive type and therefore doesn't have fields^[[0m
test	Run tests	2026-06-25T13:35:29.7884520Z ##[error]   ^[[1m^[[94m--> ^[[0msrc/integration_tests.rs:453:35
test	Run tests	2026-06-25T13:35:29.7885261Z     ^[[1m^[[94m|^[[0m
test	Run tests	2026-06-25T13:35:29.7885619Z ^[[1m^[[94m453^[[0m ^[[1m^[[94m|^[[0m     assert!(verification.unwrap().valid);
test	Run tests	2026-06-25T13:35:29.7886080Z     ^[[1m^[[94m|^[[0m                                   ^[[1m^[[91m^^^^^^[[0m
test	Run tests	2026-06-25T13:35:29.7886320Z 
test	Run tests	2026-06-25T13:35:29.7953373Z ^[[1m^[[91merror[E0599]^[[0m^[[1m: no method named `is_ok` found for type `u32` in the current scope^[[0m
test	Run tests	2026-06-25T13:35:29.7955100Z ##[error]   ^[[1m^[[94m--> ^[[0msrc/integration_tests.rs:456:25
test	Run tests	2026-06-25T13:35:29.7956338Z     ^[[1m^[[94m|^[[0m
test	Run tests	2026-06-25T13:35:29.7956921Z ^[[1m^[[94m456^[[0m ^[[1m^[[94m|^[[0m     assert!(user3_score.is_ok());
test	Run tests	2026-06-25T13:35:29.7957769Z     ^[[1m^[[94m|^[[0m                         ^[[1m^[[91m^^^^^^[[0m ^[[1m^[[91mmethod not found in `u32`^[[0m
test	Run tests	2026-06-25T13:35:29.7958254Z 
test	Run tests	2026-06-25T13:35:29.8054241Z ^[[1m^[[91merror[E0599]^[[0m^[[1m: no method named `unwrap` found for type `u32` in the current scope^[[0m
test	Run tests	2026-06-25T13:35:29.8055681Z ##[error]   ^[[1m^[[94m--> ^[[0msrc/integration_tests.rs:472:89
test	Run tests	2026-06-25T13:35:29.8056857Z     ^[[1m^[[94m|^[[0m
test	Run tests	2026-06-25T13:35:29.8058001Z ^[[1m^[[94m472^[[0m ^[[1m^[[94m|^[[0m     let alice_score = ReputationScore::get_reputation_score(env.clone(), alice.clone()).unwrap();
test	Run tests	2026-06-25T13:35:29.8059621Z     ^[[1m^[[94m|^[[0m                                                                                         ^[[1m^[[91m^^^^^^^[[0m ^[[1m^[[91mmethod not found in `u32`^[[0m
test	Run tests	2026-06-25T13:35:29.8060343Z 
test	Run tests	2026-06-25T13:35:29.8142944Z ^[[1m^[[91merror[E0599]^[[0m^[[1m: no method named `unwrap` found for type `u32` in the current scope^[[0m
test	Run tests	2026-06-25T13:35:29.8144885Z ##[error]   ^[[1m^[[94m--> ^[[0msrc/integration_tests.rs:473:85
test	Run tests	2026-06-25T13:35:29.8146144Z     ^[[1m^[[94m|^[[0m
test	Run tests	2026-06-25T13:35:29.8147170Z ^[[1m^[[94m473^[[0m ^[[1m^[[94m|^[[0m     let bob_score = ReputationScore::get_reputation_score(env.clone(), bob.clone()).unwrap();
test	Run tests	2026-06-25T13:35:29.8148538Z     ^[[1m^[[94m|^[[0m                                                                                     ^[[1m^[[91m^^^^^^^[[0m ^[[1m^[[91mmethod not found in `u32`^[[0m
test	Run tests	2026-06-25T13:35:29.8149165Z 
test	Run tests	2026-06-25T13:35:29.8234290Z ^[[1m^[[91merror[E0599]^[[0m^[[1m: no method named `unwrap` found for type `u32` in the current scope^[[0m
test	Run tests	2026-06-25T13:35:29.8235746Z ##[error]   ^[[1m^[[94m--> ^[[0msrc/integration_tests.rs:482:89
test	Run tests	2026-06-25T13:35:29.8236940Z     ^[[1m^[[94m|^[[0m
test	Run tests	2026-06-25T13:35:29.8238072Z ^[[1m^[[94m482^[[0m ^[[1m^[[94m|^[[0m     let alice_after = ReputationScore::get_reputation_score(env.clone(), alice.clone()).unwrap();
test	Run tests	2026-06-25T13:35:29.8239685Z     ^[[1m^[[94m|^[[0m                                                                                         ^[[1m^[[91m^^^^^^^[[0m ^[[1m^[[91mmethod not found in `u32`^[[0m
test	Run tests	2026-06-25T13:35:29.8240622Z 
test	Run tests	2026-06-25T13:35:29.8324056Z ^[[1m^[[91merror[E0599]^[[0m^[[1m: no method named `unwrap` found for type `u32` in the current scope^[[0m
test	Run tests	2026-06-25T13:35:29.8325561Z ##[error]   ^[[1m^[[94m--> ^[[0msrc/integration_tests.rs:483:85
test	Run tests	2026-06-25T13:35:29.8326790Z     ^[[1m^[[94m|^[[0m
test	Run tests	2026-06-25T13:35:29.8327830Z ^[[1m^[[94m483^[[0m ^[[1m^[[94m|^[[0m     let bob_after = ReputationScore::get_reputation_score(env.clone(), bob.clone()).unwrap();
test	Run tests	2026-06-25T13:35:29.8329199Z     ^[[1m^[[94m|^[[0m                                                                                     ^[[1m^[[91m^^^^^^^[[0m ^[[1m^[[91mmethod not found in `u32`^[[0m
test	Run tests	2026-06-25T13:35:29.8329809Z 
test	Run tests	2026-06-25T13:35:30.6412939Z ^[[1m^[[91merror[E0382]^[[0m^[[1m: use of moved value: `issuer`^[[0m
test	Run tests	2026-06-25T13:35:30.6414632Z ##[error]   ^[[1m^[[94m--> ^[[0msrc/credential_issuer.rs:189:37
test	Run tests	2026-06-25T13:35:30.6415991Z     ^[[1m^[[94m|^[[0m
test	Run tests	2026-06-25T13:35:30.6416503Z ^[[1m^[[94m120^[[0m ^[[1m^[[94m|^[[0m         issuer: Address,
test	Run tests	2026-06-25T13:35:30.6417951Z     ^[[1m^[[94m|^[[0m         ^[[1m^[[94m------^[[0m ^[[1m^[[94mmove occurs because `issuer` has type `soroban_sdk::Address`, which does not implement the `Copy` trait^[[0m
test	Run tests	2026-06-25T13:35:30.6419007Z ^[[1m^[[94m...^[[0m
test	Run tests	2026-06-25T13:35:30.6419584Z ^[[1m^[[94m175^[[0m ^[[1m^[[94m|^[[0m             .set(&CredKey::IssuerCreds(issuer), &issuer_creds);
test	Run tests	2026-06-25T13:35:30.6420356Z     ^[[1m^[[94m|^[[0m                                        ^[[1m^[[94m------^[[0m ^[[1m^[[94mvalue moved here^[[0m
test	Run tests	2026-06-25T13:35:30.6420898Z ^[[1m^[[94m...^[[0m
test	Run tests	2026-06-25T13:35:30.6421352Z ^[[1m^[[94m189^[[0m ^[[1m^[[94m|^[[0m             (credential_id.clone(), issuer),
test	Run tests	2026-06-25T13:35:30.6422078Z     ^[[1m^[[94m|^[[0m                                     ^[[1m^[[91m^^^^^^^[[0m ^[[1m^[[91mvalue used here after move^[[0m
test	Run tests	2026-06-25T13:35:30.6422884Z     ^[[1m^[[94m|^[[0m
test	Run tests	2026-06-25T13:35:30.6423610Z ^[[1m^[[96mhelp^[[0m: consider cloning the value if the performance cost is acceptable
test	Run tests	2026-06-25T13:35:30.6424203Z     ^[[1m^[[94m|^[[0m
test	Run tests	2026-06-25T13:35:30.6424861Z ^[[1m^[[94m175^[[0m ^[[1m^[[94m| ^[[0m            .set(&CredKey::IssuerCreds(issuer^[[92m.clone()^[[0m), &issuer_creds);
test	Run tests	2026-06-25T13:35:30.6425610Z     ^[[1m^[[94m|^[[0m                                              ^[[92m++++++++^[[0m
test	Run tests	2026-06-25T13:35:30.6425941Z 
test	Run tests	2026-06-25T13:35:30.6600706Z ^[[1m^[[91merror[E0382]^[[0m^[[1m: use of moved value: `credential_id`^[[0m
test	Run tests	2026-06-25T13:35:30.6602560Z ##[error]   ^[[1m^[[94m--> ^[[0msrc/credential_issuer.rs:353:14
test	Run tests	2026-06-25T13:35:30.6604831Z     ^[[1m^[[94m|^[[0m
test	Run tests	2026-06-25T13:35:30.6605619Z ^[[1m^[[94m310^[[0m ^[[1m^[[94m|^[[0m         credential_id: Bytes,
test	Run tests	2026-06-25T13:35:30.6607956Z     ^[[1m^[[94m|^[[0m         ^[[1m^[[94m-------------^[[0m ^[[1m^[[94mmove occurs because `credential_id` has type `soroban_sdk::Bytes`, which does not implement the `Copy` trait^[[0m
test	Run tests	2026-06-25T13:35:30.6609668Z ^[[1m^[[94m...^[[0m
test	Run tests	2026-06-25T13:35:30.6610643Z ^[[1m^[[94m348^[[0m ^[[1m^[[94m|^[[0m                 .set(&CredKey::Reason(credential_id), &reason_bytes);
test	Run tests	2026-06-25T13:35:30.6611957Z     ^[[1m^[[94m|^[[0m                                       ^[[1m^[[94m-------------^[[0m ^[[1m^[[94mvalue moved here^[[0m
test	Run tests	2026-06-25T13:35:30.6612875Z ^[[1m^[[94m...^[[0m
test	Run tests	2026-06-25T13:35:30.6613869Z ^[[1m^[[94m353^[[0m ^[[1m^[[94m|^[[0m             (credential_id, issuer, reason),
test	Run tests	2026-06-25T13:35:30.6614946Z     ^[[1m^[[94m|^[[0m              ^[[1m^[[91m^^^^^^^^^^^^^^[[0m ^[[1m^[[91mvalue used here after move^[[0m
test	Run tests	2026-06-25T13:35:30.6615683Z     ^[[1m^[[94m|^[[0m
test	Run tests	2026-06-25T13:35:30.6616570Z ^[[1m^[[96mhelp^[[0m: consider cloning the value if the performance cost is acceptable
test	Run tests	2026-06-25T13:35:30.6617503Z     ^[[1m^[[94m|^[[0m
test	Run tests	2026-06-25T13:35:30.6618609Z ^[[1m^[[94m348^[[0m ^[[1m^[[94m| ^[[0m                .set(&CredKey::Reason(credential_id^[[92m.clone()^[[0m), &reason_bytes);
test	Run tests	2026-06-25T13:35:30.6619871Z     ^[[1m^[[94m|^[[0m                                                    ^[[92m++++++++^[[0m
test	Run tests	2026-06-25T13:35:30.6620355Z 
test	Run tests	2026-06-25T13:35:30.6621255Z ^[[1m^[[91merror[E0382]^[[0m^[[1m: use of partially moved value: `reason`^[[0m
test	Run tests	2026-06-25T13:35:30.6622570Z ##[error]   ^[[1m^[[94m--> ^[[0msrc/credential_issuer.rs:353:37
test	Run tests	2026-06-25T13:35:30.6624202Z     ^[[1m^[[94m|^[[0m
test	Run tests	2026-06-25T13:35:30.6624840Z ^[[1m^[[94m345^[[0m ^[[1m^[[94m|^[[0m         if let Some(reason_bytes) = reason {
test	Run tests	2026-06-25T13:35:30.6625895Z     ^[[1m^[[94m|^[[0m                     ^[[1m^[[94m------------^[[0m ^[[1m^[[94mvalue partially moved here^[[0m
test	Run tests	2026-06-25T13:35:30.6626687Z ^[[1m^[[94m...^[[0m
test	Run tests	2026-06-25T13:35:30.6627323Z ^[[1m^[[94m353^[[0m ^[[1m^[[94m|^[[0m             (credential_id, issuer, reason),
test	Run tests	2026-06-25T13:35:30.6628378Z     ^[[1m^[[94m|^[[0m                                     ^[[1m^[[91m^^^^^^^[[0m ^[[1m^[[91mvalue used here after partial move^[[0m
test	Run tests	2026-06-25T13:35:30.6629157Z     ^[[1m^[[94m|^[[0m
test	Run tests	2026-06-25T13:35:30.6630403Z     ^[[1m^[[94m= ^[[0m^[[1mnote^[[0m: partial move occurs because value has type `soroban_sdk::Bytes`, which does not implement the `Copy` trait
test	Run tests	2026-06-25T13:35:30.6631873Z ^[[1m^[[96mhelp^[[0m: borrow this binding in the pattern to avoid moving the value
test	Run tests	2026-06-25T13:35:30.6632686Z     ^[[1m^[[94m|^[[0m
test	Run tests	2026-06-25T13:35:30.6633675Z ^[[1m^[[94m345^[[0m ^[[1m^[[94m| ^[[0m        if let Some(^[[92mref ^[[0mreason_bytes) = reason {
test	Run tests	2026-06-25T13:35:30.6634575Z     ^[[1m^[[94m|^[[0m                     ^[[92m+++^[[0m
test	Run tests	2026-06-25T13:35:30.6634966Z 
test	Run tests	2026-06-25T13:35:30.6650232Z ^[[1m^[[91merror[E0382]^[[0m^[[1m: use of moved value: `delegator`^[[0m
test	Run tests	2026-06-25T13:35:30.6651490Z ##[error]   ^[[1m^[[94m--> ^[[0msrc/credential_issuer.rs:511:31
test	Run tests	2026-06-25T13:35:30.6652834Z     ^[[1m^[[94m|^[[0m
test	Run tests	2026-06-25T13:35:30.6653692Z ^[[1m^[[94m454^[[0m ^[[1m^[[94m|^[[0m         delegator: Address,
test	Run tests	2026-06-25T13:35:30.6655248Z     ^[[1m^[[94m|^[[0m         ^[[1m^[[94m---------^[[0m ^[[1m^[[94mmove occurs because `delegator` has type `soroban_sdk::Address`, which does not implement the `Copy` trait^[[0m
test	Run tests	2026-06-25T13:35:30.6656688Z ^[[1m^[[94m...^[[0m
test	Run tests	2026-06-25T13:35:30.6657550Z ^[[1m^[[94m507^[[0m ^[[1m^[[94m|^[[0m             .set(&CredKey::DelegatorAuths(delegator), &delegator_auths);
test	Run tests	2026-06-25T13:35:30.6658731Z     ^[[1m^[[94m|^[[0m                                           ^[[1m^[[94m---------^[[0m ^[[1m^[[94mvalue moved here^[[0m
test	Run tests	2026-06-25T13:35:30.6659506Z ^[[1m^[[94m...^[[0m
test	Run tests	2026-06-25T13:35:30.6660180Z ^[[1m^[[94m511^[[0m ^[[1m^[[94m|^[[0m             (auth_id.clone(), delegator, delegate),
test	Run tests	2026-06-25T13:35:30.6661192Z     ^[[1m^[[94m|^[[0m                               ^[[1m^[[91m^^^^^^^^^^[[0m ^[[1m^[[91mvalue used here after move^[[0m
test	Run tests	2026-06-25T13:35:30.6661908Z     ^[[1m^[[94m|^[[0m
test	Run tests	2026-06-25T13:35:30.6662662Z ^[[1m^[[96mhelp^[[0m: consider cloning the value if the performance cost is acceptable
test	Run tests	2026-06-25T13:35:30.6663653Z     ^[[1m^[[94m|^[[0m
test	Run tests	2026-06-25T13:35:30.6664657Z ^[[1m^[[94m507^[[0m ^[[1m^[[94m| ^[[0m            .set(&CredKey::DelegatorAuths(delegator^[[92m.clone()^[[0m), &delegator_auths);
test	Run tests	2026-06-25T13:35:30.6665784Z     ^[[1m^[[94m|^[[0m                                                    ^[[92m++++++++^[[0m
test	Run tests	2026-06-25T13:35:30.6666250Z 
test	Run tests	2026-06-25T13:35:30.6666740Z ^[[1m^[[91merror[E0382]^[[0m^[[1m: use of moved value: `delegate`^[[0m
test	Run tests	2026-06-25T13:35:30.6667911Z ##[error]   ^[[1m^[[94m--> ^[[0msrc/credential_issuer.rs:511:42
test	Run tests	2026-06-25T13:35:30.6669218Z     ^[[1m^[[94m|^[[0m
test	Run tests	2026-06-25T13:35:30.6669776Z ^[[1m^[[94m455^[[0m ^[[1m^[[94m|^[[0m         delegate: Address,
test	Run tests	2026-06-25T13:35:30.6671351Z     ^[[1m^[[94m|^[[0m         ^[[1m^[[94m--------^[[0m ^[[1m^[[94mmove occurs because `delegate` has type `soroban_sdk::Address`, which does not implement the `Copy` trait^[[0m
test	Run tests	2026-06-25T13:35:30.6672594Z ^[[1m^[[94m...^[[0m
test	Run tests	2026-06-25T13:35:30.6673708Z ^[[1m^[[94m497^[[0m ^[[1m^[[94m|^[[0m             .set(&CredKey::DelegateAuths(delegate), &delegate_auths);
test	Run tests	2026-06-25T13:35:30.6674834Z     ^[[1m^[[94m|^[[0m                                          ^[[1m^[[94m--------^[[0m ^[[1m^[[94mvalue moved here^[[0m
test	Run tests	2026-06-25T13:35:30.6675579Z ^[[1m^[[94m...^[[0m
test	Run tests	2026-06-25T13:35:30.6676230Z ^[[1m^[[94m511^[[0m ^[[1m^[[94m|^[[0m             (auth_id.clone(), delegator, delegate),
test	Run tests	2026-06-25T13:35:30.6677256Z     ^[[1m^[[94m|^[[0m                                          ^[[1m^[[91m^^^^^^^^^[[0m ^[[1m^[[91mvalue used here after move^[[0m
test	Run tests	2026-06-25T13:35:30.6678287Z     ^[[1m^[[94m|^[[0m
test	Run tests	2026-06-25T13:35:30.6678999Z ^[[1m^[[96mhelp^[[0m: consider cloning the value if the performance cost is acceptable
test	Run tests	2026-06-25T13:35:30.6679745Z     ^[[1m^[[94m|^[[0m
test	Run tests	2026-06-25T13:35:30.6680714Z ^[[1m^[[94m497^[[0m ^[[1m^[[94m| ^[[0m            .set(&CredKey::DelegateAuths(delegate^[[92m.clone()^[[0m), &delegate_auths);
test	Run tests	2026-06-25T13:35:30.6681796Z     ^[[1m^[[94m|^[[0m                                                  ^[[92m++++++++^[[0m
test	Run tests	2026-06-25T13:35:30.6682235Z 
test	Run tests	2026-06-25T13:35:30.6811932Z ^[[1m^[[91merror[E0382]^[[0m^[[1m: borrow of partially moved value: `auth`^[[0m
test	Run tests	2026-06-25T13:35:30.6813538Z ##[error]   ^[[1m^[[94m--> ^[[0msrc/credential_issuer.rs:662:49
test	Run tests	2026-06-25T13:35:30.6814935Z     ^[[1m^[[94m|^[[0m
test	Run tests	2026-06-25T13:35:30.6815888Z ^[[1m^[[94m647^[[0m ^[[1m^[[94m|^[[0m             .set(&CredKey::IssuerCreds(auth.delegator), &issuer_creds);
test	Run tests	2026-06-25T13:35:30.6817187Z     ^[[1m^[[94m|^[[0m                                        ^[[1m^[[94m--------------^[[0m ^[[1m^[[94mvalue partially moved here^[[0m
test	Run tests	2026-06-25T13:35:30.6818077Z ^[[1m^[[94m...^[[0m
test	Run tests	2026-06-25T13:35:30.6818916Z ^[[1m^[[94m662^[[0m ^[[1m^[[94m|^[[0m             .set(&CredKey::Delegation(auth_id), &auth);
test	Run tests	2026-06-25T13:35:30.6820139Z     ^[[1m^[[94m|^[[0m                                                 ^[[1m^[[91m^^^^^^[[0m ^[[1m^[[91mvalue borrowed here after partial move^[[0m
test	Run tests	2026-06-25T13:35:30.6821042Z     ^[[1m^[[94m|^[[0m
test	Run tests	2026-06-25T13:35:30.6822339Z     ^[[1m^[[94m= ^[[0m^[[1mnote^[[0m: partial move occurs because `auth.delegator` has type `soroban_sdk::Address`, which does not implement the `Copy` trait
test	Run tests	2026-06-25T13:35:30.6823526Z 
test	Run tests	2026-06-25T13:35:30.8414486Z ^[[1m^[[91merror[E0382]^[[0m^[[1m: use of moved value: `holder`^[[0m
test	Run tests	2026-06-25T13:35:30.8416030Z ##[error]   ^[[1m^[[94m--> ^[[0msrc/credential_offer.rs:235:40
test	Run tests	2026-06-25T13:35:30.8417838Z     ^[[1m^[[94m|^[[0m
test	Run tests	2026-06-25T13:35:30.8418470Z ^[[1m^[[94m131^[[0m ^[[1m^[[94m|^[[0m         holder: Address,
test	Run tests	2026-06-25T13:35:30.8420230Z     ^[[1m^[[94m|^[[0m         ^[[1m^[[94m------^[[0m ^[[1m^[[94mmove occurs because `holder` has type `soroban_sdk::Address`, which does not implement the `Copy` trait^[[0m
test	Run tests	2026-06-25T13:35:30.8429449Z ^[[1m^[[94m...^[[0m
test	Run tests	2026-06-25T13:35:30.8430270Z ^[[1m^[[94m219^[[0m ^[[1m^[[94m|^[[0m             .set(&OfferKey::HolderOffers(holder), &holder_offers);
test	Run tests	2026-06-25T13:35:30.8431252Z     ^[[1m^[[94m|^[[0m                                          ^[[1m^[[94m------^[[0m ^[[1m^[[94mvalue moved here^[[0m
test	Run tests	2026-06-25T13:35:30.8431909Z ^[[1m^[[94m...^[[0m
test	Run tests	2026-06-25T13:35:30.8432476Z ^[[1m^[[94m235^[[0m ^[[1m^[[94m|^[[0m             (offer_id.clone(), issuer, holder),
test	Run tests	2026-06-25T13:35:30.8433530Z     ^[[1m^[[94m|^[[0m                                        ^[[1m^[[91m^^^^^^^[[0m ^[[1m^[[91mvalue used here after move^[[0m
test	Run tests	2026-06-25T13:35:30.8434116Z     ^[[1m^[[94m|^[[0m
test	Run tests	2026-06-25T13:35:30.8434657Z ^[[1m^[[96mhelp^[[0m: consider cloning the value if the performance cost is acceptable
test	Run tests	2026-06-25T13:35:30.8435240Z     ^[[1m^[[94m|^[[0m
test	Run tests	2026-06-25T13:35:30.8435916Z ^[[1m^[[94m219^[[0m ^[[1m^[[94m| ^[[0m            .set(&OfferKey::HolderOffers(holder^[[92m.clone()^[[0m), &holder_offers);
test	Run tests	2026-06-25T13:35:30.8436689Z     ^[[1m^[[94m|^[[0m                                                ^[[92m++++++++^[[0m
test	Run tests	2026-06-25T13:35:30.8437014Z 
test	Run tests	2026-06-25T13:35:30.8712291Z ^[[1m^[[91merror^[[0m^[[1m: unused variable: `now`^[[0m
test	Run tests	2026-06-25T13:35:30.8713943Z ##[error]   ^[[1m^[[94m--> ^[[0msrc/credential_offer.rs:359:13
test	Run tests	2026-06-25T13:35:30.8715428Z     ^[[1m^[[94m|^[[0m
test	Run tests	2026-06-25T13:35:30.8716159Z ^[[1m^[[94m359^[[0m ^[[1m^[[94m|^[[0m         let now = env.ledger().timestamp();
test	Run tests	2026-06-25T13:35:30.8717491Z     ^[[1m^[[94m|^[[0m             ^[[1m^[[91m^^^^[[0m ^[[1m^[[91mhelp: if this is intentional, prefix it with an underscore: `_now`^[[0m
test	Run tests	2026-06-25T13:35:30.8718505Z     ^[[1m^[[94m|^[[0m
test	Run tests	2026-06-25T13:35:30.8719229Z     ^[[1m^[[94m= ^[[0m^[[1mnote^[[0m: `-D unused-variables` implied by `-D warnings`
test	Run tests	2026-06-25T13:35:30.8720383Z     ^[[1m^[[94m= ^[[0m^[[1mhelp^[[0m: to override `-D warnings` add `#[allow(unused_variables)]`
test	Run tests	2026-06-25T13:35:30.8721366Z 
test	Run tests	2026-06-25T13:35:30.8723112Z ^[[1m^[[91merror^[[0m^[[1m: unused variable: `now`^[[0m
test	Run tests	2026-06-25T13:35:30.8724439Z ##[error]   ^[[1m^[[94m--> ^[[0msrc/credential_offer.rs:410:13
test	Run tests	2026-06-25T13:35:30.8725475Z     ^[[1m^[[94m|^[[0m
test	Run tests	2026-06-25T13:35:30.8725986Z ^[[1m^[[94m410^[[0m ^[[1m^[[94m|^[[0m         let now = env.ledger().timestamp();
test	Run tests	2026-06-25T13:35:30.8726920Z     ^[[1m^[[94m|^[[0m             ^[[1m^[[91m^^^^[[0m ^[[1m^[[91mhelp: if this is intentional, prefix it with an underscore: `_now`^[[0m
test	Run tests	2026-06-25T13:35:30.8727507Z 
test	Run tests	2026-06-25T13:35:31.0284325Z ^[[1m^[[91merror[E0382]^[[0m^[[1m: use of moved value: `did`^[[0m
test	Run tests	2026-06-25T13:35:31.0285899Z ##[error]   ^[[1m^[[94m--> ^[[0msrc/did_recovery.rs:326:47
test	Run tests	2026-06-25T13:35:31.0287085Z     ^[[1m^[[94m|^[[0m
test	Run tests	2026-06-25T13:35:31.0287566Z ^[[1m^[[94m298^[[0m ^[[1m^[[94m|^[[0m         did: Bytes,
test	Run tests	2026-06-25T13:35:31.0288932Z     ^[[1m^[[94m|^[[0m         ^[[1m^[[94m---^[[0m ^[[1m^[[94mmove occurs because `did` has type `soroban_sdk::Bytes`, which does not implement the `Copy` trait^[[0m
test	Run tests	2026-06-25T13:35:31.0289973Z ^[[1m^[[94m...^[[0m
test	Run tests	2026-06-25T13:35:31.0290739Z ^[[1m^[[94m318^[[0m ^[[1m^[[94m|^[[0m             .set(&RecoveryKey::Guardian(did, guardian.clone()), &record);
test	Run tests	2026-06-25T13:35:31.0291736Z     ^[[1m^[[94m|^[[0m                                         ^[[1m^[[94m---^[[0m ^[[1m^[[94mvalue moved here^[[0m
test	Run tests	2026-06-25T13:35:31.0292373Z ^[[1m^[[94m...^[[0m
test	Run tests	2026-06-25T13:35:31.0293049Z ^[[1m^[[94m326^[[0m ^[[1m^[[94m|^[[0m             .set(&RecoveryKey::RecoveryConfig(did), &config);
test	Run tests	2026-06-25T13:35:31.0294276Z     ^[[1m^[[94m|^[[0m                                               ^[[1m^[[91m^^^^[[0m ^[[1m^[[91mvalue used here after move^[[0m
test	Run tests	2026-06-25T13:35:31.0294979Z     ^[[1m^[[94m|^[[0m
test	Run tests	2026-06-25T13:35:31.0295643Z ^[[1m^[[96mhelp^[[0m: consider cloning the value if the performance cost is acceptable
test	Run tests	2026-06-25T13:35:31.0296334Z     ^[[1m^[[94m|^[[0m
test	Run tests	2026-06-25T13:35:31.0297317Z ^[[1m^[[94m318^[[0m ^[[1m^[[94m| ^[[0m            .set(&RecoveryKey::Guardian(did^[[92m.clone()^[[0m, guardian.clone()), &record);
test	Run tests	2026-06-25T13:35:31.0298052Z     ^[[1m^[[94m|^[[0m                                            ^[[92m++++++++^[[0m
test	Run tests	2026-06-25T13:35:31.0298367Z 
test	Run tests	2026-06-25T13:35:31.0298663Z ^[[1m^[[91merror[E0382]^[[0m^[[1m: use of moved value: `did`^[[0m
test	Run tests	2026-06-25T13:35:31.0299379Z ##[error]   ^[[1m^[[94m--> ^[[0msrc/did_recovery.rs:329:64
test	Run tests	2026-06-25T13:35:31.0300229Z     ^[[1m^[[94m|^[[0m
test	Run tests	2026-06-25T13:35:31.0300564Z ^[[1m^[[94m298^[[0m ^[[1m^[[94m|^[[0m         did: Bytes,
test	Run tests	2026-06-25T13:35:31.0301482Z     ^[[1m^[[94m|^[[0m         ^[[1m^[[94m---^[[0m ^[[1m^[[94mmove occurs because `did` has type `soroban_sdk::Bytes`, which does not implement the `Copy` trait^[[0m
test	Run tests	2026-06-25T13:35:31.0302223Z ^[[1m^[[94m...^[[0m
test	Run tests	2026-06-25T13:35:31.0302733Z ^[[1m^[[94m326^[[0m ^[[1m^[[94m|^[[0m             .set(&RecoveryKey::RecoveryConfig(did), &config);
test	Run tests	2026-06-25T13:35:31.0303600Z     ^[[1m^[[94m|^[[0m                                               ^[[1m^[[94m---^[[0m ^[[1m^[[94mvalue moved here^[[0m
test	Run tests	2026-06-25T13:35:31.0304108Z ^[[1m^[[94m...^[[0m
test	Run tests	2026-06-25T13:35:31.0304703Z ^[[1m^[[94m329^[[0m ^[[1m^[[94m|^[[0m             .publish((Symbol::new(&env, "GuardianRemoved"),), (did, guardian));
test	Run tests	2026-06-25T13:35:31.0305566Z     ^[[1m^[[94m|^[[0m                                                                ^[[1m^[[91m^^^^[[0m ^[[1m^[[91mvalue used here after move^[[0m
test	Run tests	2026-06-25T13:35:31.0306121Z     ^[[1m^[[94m|^[[0m
test	Run tests	2026-06-25T13:35:31.0306566Z ^[[1m^[[96mhelp^[[0m: consider cloning the value if the performance cost is acceptable
test	Run tests	2026-06-25T13:35:31.0307023Z     ^[[1m^[[94m|^[[0m
test	Run tests	2026-06-25T13:35:31.0307545Z ^[[1m^[[94m326^[[0m ^[[1m^[[94m| ^[[0m            .set(&RecoveryKey::RecoveryConfig(did^[[92m.clone()^[[0m), &config);
test	Run tests	2026-06-25T13:35:31.0308145Z     ^[[1m^[[94m|^[[0m                                                  ^[[92m++++++++^[[0m
test	Run tests	2026-06-25T13:35:31.0308419Z 
test	Run tests	2026-06-25T13:35:31.0335625Z ^[[1m^[[91merror[E0382]^[[0m^[[1m: use of moved value: `request.did`^[[0m
test	Run tests	2026-06-25T13:35:31.0336480Z ##[error]   ^[[1m^[[94m--> ^[[0msrc/did_recovery.rs:591:26
test	Run tests	2026-06-25T13:35:31.0337370Z     ^[[1m^[[94m|^[[0m
test	Run tests	2026-06-25T13:35:31.0337988Z ^[[1m^[[94m587^[[0m ^[[1m^[[94m|^[[0m             .set(&RecoveryKey::RecoveryConfig(request.did), &config);
test	Run tests	2026-06-25T13:35:31.0339032Z     ^[[1m^[[94m|^[[0m                                               ^[[1m^[[94m-----------^[[0m ^[[1m^[[94mvalue moved here^[[0m
test	Run tests	2026-06-25T13:35:31.0339567Z ^[[1m^[[94m...^[[0m
test	Run tests	2026-06-25T13:35:31.0340081Z ^[[1m^[[94m591^[[0m ^[[1m^[[94m|^[[0m             (request_id, request.did, new_controller.clone()),
test	Run tests	2026-06-25T13:35:31.0340823Z     ^[[1m^[[94m|^[[0m                          ^[[1m^[[91m^^^^^^^^^^^^[[0m ^[[1m^[[91mvalue used here after move^[[0m
test	Run tests	2026-06-25T13:35:31.0341327Z     ^[[1m^[[94m|^[[0m
test	Run tests	2026-06-25T13:35:31.0342123Z     ^[[1m^[[94m= ^[[0m^[[1mnote^[[0m: move occurs because `request.did` has type `soroban_sdk::Bytes`, which does not implement the `Copy` trait
test	Run tests	2026-06-25T13:35:31.0342721Z 
test	Run tests	2026-06-25T13:35:31.0724995Z ^[[1m^[[91merror[E0382]^[[0m^[[1m: borrow of moved value: `controller`^[[0m
test	Run tests	2026-06-25T13:35:31.0726565Z ##[error]   ^[[1m^[[94m--> ^[[0msrc/did_recovery.rs:932:13
test	Run tests	2026-06-25T13:35:31.0727777Z     ^[[1m^[[94m|^[[0m
test	Run tests	2026-06-25T13:35:31.0728522Z ^[[1m^[[94m910^[[0m ^[[1m^[[94m|^[[0m         let controller = Address::generate(&env);
test	Run tests	2026-06-25T13:35:31.0730031Z     ^[[1m^[[94m|^[[0m             ^[[1m^[[94m----------^[[0m ^[[1m^[[94mmove occurs because `controller` has type `soroban_sdk::Address`, which does not implement the `Copy` trait^[[0m
test	Run tests	2026-06-25T13:35:31.0731128Z ^[[1m^[[94m...^[[0m
test	Run tests	2026-06-25T13:35:31.0731595Z ^[[1m^[[94m920^[[0m ^[[1m^[[94m|^[[0m             controller,
test	Run tests	2026-06-25T13:35:31.0732295Z     ^[[1m^[[94m|^[[0m             ^[[1m^[[94m----------^[[0m ^[[1m^[[94mvalue moved here^[[0m
test	Run tests	2026-06-25T13:35:31.0732895Z ^[[1m^[[94m...^[[0m
test	Run tests	2026-06-25T13:35:31.0733692Z ^[[1m^[[94m932^[[0m ^[[1m^[[94m|^[[0m             controller.clone(),
test	Run tests	2026-06-25T13:35:31.0735076Z     ^[[1m^[[94m|^[[0m             ^[[1m^[[91m^^^^^^^^^^^[[0m ^[[1m^[[91mvalue borrowed here after move^[[0m
test	Run tests	2026-06-25T13:35:31.0736001Z     ^[[1m^[[94m|^[[0m
test	Run tests	2026-06-25T13:35:31.0737267Z ^[[1m^[[92mnote^[[0m: consider changing this parameter type in method `configure_recovery` to borrow instead if owning the value isn't necessary
test	Run tests	2026-06-25T13:35:31.0738173Z    ^[[1m^[[94m--> ^[[0msrc/did_recovery.rs:165:21
test	Run tests	2026-06-25T13:35:31.0738578Z     ^[[1m^[[94m|^[[0m
test	Run tests	2026-06-25T13:35:31.0738986Z ^[[1m^[[94m163^[[0m ^[[1m^[[94m|^[[0m     pub fn configure_recovery(
test	Run tests	2026-06-25T13:35:31.0739612Z     ^[[1m^[[94m|^[[0m            ^[[1m^[[94m------------------^[[0m ^[[1m^[[94min this method^[[0m
test	Run tests	2026-06-25T13:35:31.0740179Z ^[[1m^[[94m164^[[0m ^[[1m^[[94m|^[[0m         env: Env,
test	Run tests	2026-06-25T13:35:31.0740682Z ^[[1m^[[94m165^[[0m ^[[1m^[[94m|^[[0m         controller: Address,
test	Run tests	2026-06-25T13:35:31.0741402Z     ^[[1m^[[94m|^[[0m                     ^[[1m^[[92m^^^^^^^^[[0m ^[[1m^[[92mthis parameter takes ownership of the value^[[0m
test	Run tests	2026-06-25T13:35:31.0742222Z ^[[1m^[[96mhelp^[[0m: consider cloning the value if the performance cost is acceptable
test	Run tests	2026-06-25T13:35:31.0742788Z     ^[[1m^[[94m|^[[0m
test	Run tests	2026-06-25T13:35:31.0743478Z ^[[1m^[[94m920^[[0m ^[[1m^[[94m| ^[[0m            controller^[[92m.clone()^[[0m,
test	Run tests	2026-06-25T13:35:31.0744093Z     ^[[1m^[[94m|^[[0m                       ^[[92m++++++++^[[0m
test	Run tests	2026-06-25T13:35:31.0744375Z 
test	Run tests	2026-06-25T13:35:31.0744767Z ^[[1m^[[91merror[E0382]^[[0m^[[1m: borrow of moved value: `guardian1`^[[0m
test	Run tests	2026-06-25T13:35:31.0745603Z ##[error]   ^[[1m^[[94m--> ^[[0msrc/did_recovery.rs:973:56
test	Run tests	2026-06-25T13:35:31.0746524Z     ^[[1m^[[94m|^[[0m
test	Run tests	2026-06-25T13:35:31.0747064Z ^[[1m^[[94m912^[[0m ^[[1m^[[94m|^[[0m         let guardian1 = Address::generate(&env);
test	Run tests	2026-06-25T13:35:31.0748037Z     ^[[1m^[[94m|^[[0m             ^[[1m^[[94m---------^[[0m ^[[1m^[[94mmove occurs because `guardian1` has type `soroban_sdk::Address`, which does not implement the `Copy` trait^[[0m
test	Run tests	2026-06-25T13:35:31.0748763Z ^[[1m^[[94m...^[[0m
test	Run tests	2026-06-25T13:35:31.0749363Z ^[[1m^[[94m966^[[0m ^[[1m^[[94m|^[[0m         DIDRecovery::approve_recovery(env.clone(), guardian1, request_id.clone()).unwrap();
test	Run tests	2026-06-25T13:35:31.0750129Z     ^[[1m^[[94m|^[[0m                                                    ^[[1m^[[94m---------^[[0m ^[[1m^[[94mvalue moved here^[[0m
test	Run tests	2026-06-25T13:35:31.0750591Z ^[[1m^[[94m...^[[0m
test	Run tests	2026-06-25T13:35:31.0751188Z ^[[1m^[[94m973^[[0m ^[[1m^[[94m|^[[0m             DIDRecovery::execute_recovery(env.clone(), guardian1.clone(), request_id.clone())
test	Run tests	2026-06-25T13:35:31.0752164Z     ^[[1m^[[94m|^[[0m                                                        ^[[1m^[[91m^^^^^^^^^^[[0m ^[[1m^[[91mvalue borrowed here after move^[[0m
test	Run tests	2026-06-25T13:35:31.0752648Z     ^[[1m^[[94m|^[[0m
test	Run tests	2026-06-25T13:35:31.0753471Z ^[[1m^[[92mnote^[[0m: consider changing this parameter type in method `approve_recovery` to borrow instead if owning the value isn't necessary
test	Run tests	2026-06-25T13:35:31.0754197Z    ^[[1m^[[94m--> ^[[0msrc/did_recovery.rs:450:19
test	Run tests	2026-06-25T13:35:31.0754520Z     ^[[1m^[[94m|^[[0m
test	Run tests	2026-06-25T13:35:31.0754843Z ^[[1m^[[94m448^[[0m ^[[1m^[[94m|^[[0m     pub fn approve_recovery(
test	Run tests	2026-06-25T13:35:31.0755335Z     ^[[1m^[[94m|^[[0m            ^[[1m^[[94m----------------^[[0m ^[[1m^[[94min this method^[[0m
test	Run tests	2026-06-25T13:35:31.0755794Z ^[[1m^[[94m449^[[0m ^[[1m^[[94m|^[[0m         env: Env,
test	Run tests	2026-06-25T13:35:31.0756203Z ^[[1m^[[94m450^[[0m ^[[1m^[[94m|^[[0m         guardian: Address,
test	Run tests	2026-06-25T13:35:31.0756763Z     ^[[1m^[[94m|^[[0m                   ^[[1m^[[92m^^^^^^^^[[0m ^[[1m^[[92mthis parameter takes ownership of the value^[[0m
test	Run tests	2026-06-25T13:35:31.0757414Z ^[[1m^[[96mhelp^[[0m: consider cloning the value if the performance cost is acceptable
test	Run tests	2026-06-25T13:35:31.0757872Z     ^[[1m^[[94m|^[[0m
test	Run tests	2026-06-25T13:35:31.0758520Z ^[[1m^[[94m966^[[0m ^[[1m^[[94m| ^[[0m        DIDRecovery::approve_recovery(env.clone(), guardian1^[[92m.clone()^[[0m, request_id.clone()).unwrap();
test	Run tests	2026-06-25T13:35:31.0759246Z     ^[[1m^[[94m|^[[0m                                                             ^[[92m++++++++^[[0m
test	Run tests	2026-06-25T13:35:31.0759526Z 
test	Run tests	2026-06-25T13:35:31.0759819Z ^[[1m^[[91merror[E0382]^[[0m^[[1m: borrow of moved value: `controller`^[[0m
test	Run tests	2026-06-25T13:35:31.0760483Z ##[error]    ^[[1m^[[94m--> ^[[0msrc/did_recovery.rs:1004:13
test	Run tests	2026-06-25T13:35:31.0761192Z      ^[[1m^[[94m|^[[0m
test	Run tests	2026-06-25T13:35:31.0761609Z ^[[1m^[[94m 985^[[0m ^[[1m^[[94m|^[[0m         let controller = Address::generate(&env);
test	Run tests	2026-06-25T13:35:31.0762673Z      ^[[1m^[[94m|^[[0m             ^[[1m^[[94m----------^[[0m ^[[1m^[[94mmove occurs because `controller` has type `soroban_sdk::Address`, which does not implement the `Copy` trait^[[0m
test	Run tests	2026-06-25T13:35:31.0763503Z ^[[1m^[[94m...^[[0m
test	Run tests	2026-06-25T13:35:31.0763801Z ^[[1m^[[94m 993^[[0m ^[[1m^[[94m|^[[0m             controller,
test	Run tests	2026-06-25T13:35:31.0764253Z      ^[[1m^[[94m|^[[0m             ^[[1m^[[94m----------^[[0m ^[[1m^[[94mvalue moved here^[[0m
test	Run tests	2026-06-25T13:35:31.0764638Z ^[[1m^[[94m...^[[0m
test	Run tests	2026-06-25T13:35:31.0764964Z ^[[1m^[[94m1004^[[0m ^[[1m^[[94m|^[[0m             controller.clone(),
test	Run tests	2026-06-25T13:35:31.0765470Z      ^[[1m^[[94m|^[[0m             ^[[1m^[[91m^^^^^^^^^^^[[0m ^[[1m^[[91mvalue borrowed here after move^[[0m
test	Run tests	2026-06-25T13:35:31.0765886Z      ^[[1m^[[94m|^[[0m
test	Run tests	2026-06-25T13:35:31.0766810Z ^[[1m^[[92mnote^[[0m: consider changing this parameter type in method `configure_recovery` to borrow instead if owning the value isn't necessary
test	Run tests	2026-06-25T13:35:31.0767861Z     ^[[1m^[[94m--> ^[[0msrc/did_recovery.rs:165:21
test	Run tests	2026-06-25T13:35:31.0768196Z      ^[[1m^[[94m|^[[0m
test	Run tests	2026-06-25T13:35:31.0768532Z ^[[1m^[[94m 163^[[0m ^[[1m^[[94m|^[[0m     pub fn configure_recovery(
test	Run tests	2026-06-25T13:35:31.0769033Z      ^[[1m^[[94m|^[[0m            ^[[1m^[[94m------------------^[[0m ^[[1m^[[94min this method^[[0m
test	Run tests	2026-06-25T13:35:31.0769477Z ^[[1m^[[94m 164^[[0m ^[[1m^[[94m|^[[0m         env: Env,
test	Run tests	2026-06-25T13:35:31.0769877Z ^[[1m^[[94m 165^[[0m ^[[1m^[[94m|^[[0m         controller: Address,
test	Run tests	2026-06-25T13:35:31.0770424Z      ^[[1m^[[94m|^[[0m                     ^[[1m^[[92m^^^^^^^^[[0m ^[[1m^[[92mthis parameter takes ownership of the value^[[0m
test	Run tests	2026-06-25T13:35:31.0771054Z ^[[1m^[[96mhelp^[[0m: consider cloning the value if the performance cost is acceptable
test	Run tests	2026-06-25T13:35:31.0771487Z      ^[[1m^[[94m|^[[0m
test	Run tests	2026-06-25T13:35:31.0771835Z ^[[1m^[[94m 993^[[0m ^[[1m^[[94m| ^[[0m            controller^[[92m.clone()^[[0m,
test	Run tests	2026-06-25T13:35:31.0772267Z      ^[[1m^[[94m|^[[0m                       ^[[92m++++++++^[[0m
test	Run tests	2026-06-25T13:35:31.0772491Z 
test	Run tests	2026-06-25T13:35:31.0772803Z ^[[1m^[[91merror[E0382]^[[0m^[[1m: borrow of moved value: `controller`^[[0m
test	Run tests	2026-06-25T13:35:31.0773639Z ##[error]    ^[[1m^[[94m--> ^[[0msrc/did_recovery.rs:1230:13
test	Run tests	2026-06-25T13:35:31.0774544Z      ^[[1m^[[94m|^[[0m
test	Run tests	2026-06-25T13:35:31.0774980Z ^[[1m^[[94m1212^[[0m ^[[1m^[[94m|^[[0m         let controller = Address::generate(&env);
test	Run tests	2026-06-25T13:35:31.0775909Z      ^[[1m^[[94m|^[[0m             ^[[1m^[[94m----------^[[0m ^[[1m^[[94mmove occurs because `controller` has type `soroban_sdk::Address`, which does not implement the `Copy` trait^[[0m
test	Run tests	2026-06-25T13:35:31.0776578Z ^[[1m^[[94m...^[[0m
test	Run tests	2026-06-25T13:35:31.0776887Z ^[[1m^[[94m1219^[[0m ^[[1m^[[94m|^[[0m             controller,
test	Run tests	2026-06-25T13:35:31.0777326Z      ^[[1m^[[94m|^[[0m             ^[[1m^[[94m----------^[[0m ^[[1m^[[94mvalue moved here^[[0m
test	Run tests	2026-06-25T13:35:31.0777704Z ^[[1m^[[94m...^[[0m
test	Run tests	2026-06-25T13:35:31.0778026Z ^[[1m^[[94m1230^[[0m ^[[1m^[[94m|^[[0m             controller.clone(),
test	Run tests	2026-06-25T13:35:31.0778529Z      ^[[1m^[[94m|^[[0m             ^[[1m^[[91m^^^^^^^^^^^[[0m ^[[1m^[[91mvalue borrowed here after move^[[0m
test	Run tests	2026-06-25T13:35:31.0778936Z      ^[[1m^[[94m|^[[0m
test	Run tests	2026-06-25T13:35:31.0779570Z ^[[1m^[[92mnote^[[0m: consider changing this parameter type in method `configure_recovery` to borrow instead if owning the value isn't necessary
test	Run tests	2026-06-25T13:35:31.0780249Z     ^[[1m^[[94m--> ^[[0msrc/did_recovery.rs:165:21
test	Run tests	2026-06-25T13:35:31.0780569Z      ^[[1m^[[94m|^[[0m
test	Run tests	2026-06-25T13:35:31.0780890Z ^[[1m^[[94m 163^[[0m ^[[1m^[[94m|^[[0m     pub fn configure_recovery(
test	Run tests	2026-06-25T13:35:31.0781369Z      ^[[1m^[[94m|^[[0m            ^[[1m^[[94m------------------^[[0m ^[[1m^[[94min this method^[[0m
test	Run tests	2026-06-25T13:35:31.0781809Z ^[[1m^[[94m 164^[[0m ^[[1m^[[94m|^[[0m         env: Env,
test	Run tests	2026-06-25T13:35:31.0782237Z ^[[1m^[[94m 165^[[0m ^[[1m^[[94m|^[[0m         controller: Address,
test	Run tests	2026-06-25T13:35:31.0782774Z      ^[[1m^[[94m|^[[0m                     ^[[1m^[[92m^^^^^^^^[[0m ^[[1m^[[92mthis parameter takes ownership of the value^[[0m
test	Run tests	2026-06-25T13:35:31.0783643Z ^[[1m^[[96mhelp^[[0m: consider cloning the value if the performance cost is acceptable
test	Run tests	2026-06-25T13:35:31.0784247Z      ^[[1m^[[94m|^[[0m
test	Run tests	2026-06-25T13:35:31.0784597Z ^[[1m^[[94m1219^[[0m ^[[1m^[[94m| ^[[0m            controller^[[92m.clone()^[[0m,
test	Run tests	2026-06-25T13:35:31.0785045Z      ^[[1m^[[94m|^[[0m                       ^[[92m++++++++^[[0m
test	Run tests	2026-06-25T13:35:31.0785261Z 
test	Run tests	2026-06-25T13:35:31.1345367Z ^[[1m^[[91merror[E0382]^[[0m^[[1m: use of moved value: `controller`^[[0m
test	Run tests	2026-06-25T13:35:31.1346937Z ##[error]   ^[[1m^[[94m--> ^[[0msrc/did_registry.rs:122:67
test	Run tests	2026-06-25T13:35:31.1348305Z     ^[[1m^[[94m|^[[0m
test	Run tests	2026-06-25T13:35:31.1348825Z ^[[1m^[[94m 72^[[0m ^[[1m^[[94m|^[[0m         controller: Address,
test	Run tests	2026-06-25T13:35:31.1350327Z     ^[[1m^[[94m|^[[0m         ^[[1m^[[94m----------^[[0m ^[[1m^[[94mmove occurs because `controller` has type `soroban_sdk::Address`, which does not implement the `Copy` trait^[[0m
test	Run tests	2026-06-25T13:35:31.1351425Z ^[[1m^[[94m...^[[0m
test	Run tests	2026-06-25T13:35:31.1352101Z ^[[1m^[[94m119^[[0m ^[[1m^[[94m|^[[0m             .set(&DidKey::Controller(controller), &did_id);
test	Run tests	2026-06-25T13:35:31.1353039Z     ^[[1m^[[94m|^[[0m                                      ^[[1m^[[94m----------^[[0m ^[[1m^[[94mvalue moved here^[[0m
test	Run tests	2026-06-25T13:35:31.1354047Z ^[[1m^[[94m...^[[0m
test	Run tests	2026-06-25T13:35:31.1354855Z ^[[1m^[[94m122^[[0m ^[[1m^[[94m|^[[0m             .publish((Symbol::new(&env, "DIDCreated"),), (did_id, controller));
test	Run tests	2026-06-25T13:35:31.1356039Z     ^[[1m^[[94m|^[[0m                                                                   ^[[1m^[[91m^^^^^^^^^^^[[0m ^[[1m^[[91mvalue used here after move^[[0m
test	Run tests	2026-06-25T13:35:31.1356793Z     ^[[1m^[[94m|^[[0m
test	Run tests	2026-06-25T13:35:31.1357475Z ^[[1m^[[96mhelp^[[0m: consider cloning the value if the performance cost is acceptable
test	Run tests	2026-06-25T13:35:31.1358593Z     ^[[1m^[[94m|^[[0m
test	Run tests	2026-06-25T13:35:31.1359653Z ^[[1m^[[94m119^[[0m ^[[1m^[[94m| ^[[0m            .set(&DidKey::Controller(controller^[[92m.clone()^[[0m), &did_id);
test	Run tests	2026-06-25T13:35:31.1360348Z     ^[[1m^[[94m|^[[0m                                                ^[[92m++++++++^[[0m
test	Run tests	2026-06-25T13:35:31.1360659Z 
test	Run tests	2026-06-25T13:35:31.1360976Z ^[[1m^[[91merror[E0382]^[[0m^[[1m: use of moved value: `did`^[[0m
test	Run tests	2026-06-25T13:35:31.1361709Z ##[error]   ^[[1m^[[94m--> ^[[0msrc/did_registry.rs:169:59
test	Run tests	2026-06-25T13:35:31.1362547Z     ^[[1m^[[94m|^[[0m
test	Run tests	2026-06-25T13:35:31.1362921Z ^[[1m^[[94m142^[[0m ^[[1m^[[94m|^[[0m         let did: Bytes = env
test	Run tests	2026-06-25T13:35:31.1364332Z     ^[[1m^[[94m|^[[0m             ^[[1m^[[94m---^[[0m ^[[1m^[[94mmove occurs because `did` has type `soroban_sdk::Bytes`, which does not implement the `Copy` trait^[[0m
test	Run tests	2026-06-25T13:35:31.1365083Z ^[[1m^[[94m...^[[0m
test	Run tests	2026-06-25T13:35:31.1365884Z ^[[1m^[[94m166^[[0m ^[[1m^[[94m|^[[0m         env.storage().persistent().set(&DidKey::Doc(did), &doc);
test	Run tests	2026-06-25T13:35:31.1366833Z     ^[[1m^[[94m|^[[0m                                                     ^[[1m^[[94m---^[[0m ^[[1m^[[94mvalue moved here^[[0m
test	Run tests	2026-06-25T13:35:31.1367338Z ^[[1m^[[94m...^[[0m
test	Run tests	2026-06-25T13:35:31.1367934Z ^[[1m^[[94m169^[[0m ^[[1m^[[94m|^[[0m             .publish((Symbol::new(&env, "DIDUpdated"),), (did, controller));
test	Run tests	2026-06-25T13:35:31.1368664Z     ^[[1m^[[94m|^[[0m                                                           ^[[1m^[[91m^^^^[[0m ^[[1m^[[91mvalue used here after move^[[0m
test	Run tests	2026-06-25T13:35:31.1369120Z     ^[[1m^[[94m|^[[0m
test	Run tests	2026-06-25T13:35:31.1369542Z ^[[1m^[[96mhelp^[[0m: consider cloning the value if the performance cost is acceptable
test	Run tests	2026-06-25T13:35:31.1369999Z     ^[[1m^[[94m|^[[0m
test	Run tests	2026-06-25T13:35:31.1370530Z ^[[1m^[[94m166^[[0m ^[[1m^[[94m| ^[[0m        env.storage().persistent().set(&DidKey::Doc(did^[[92m.clone()^[[0m), &doc);
test	Run tests	2026-06-25T13:35:31.1371147Z     ^[[1m^[[94m|^[[0m                                                        ^[[92m++++++++^[[0m
test	Run tests	2026-06-25T13:35:31.1371417Z 
test	Run tests	2026-06-25T13:35:31.1371687Z ^[[1m^[[91merror[E0382]^[[0m^[[1m: use of moved value: `did`^[[0m
test	Run tests	2026-06-25T13:35:31.1372318Z ##[error]   ^[[1m^[[94m--> ^[[0msrc/did_registry.rs:198:63
test	Run tests	2026-06-25T13:35:31.1373072Z     ^[[1m^[[94m|^[[0m
test	Run tests	2026-06-25T13:35:31.1373555Z ^[[1m^[[94m177^[[0m ^[[1m^[[94m|^[[0m         let did: Bytes = env
test	Run tests	2026-06-25T13:35:31.1374370Z     ^[[1m^[[94m|^[[0m             ^[[1m^[[94m---^[[0m ^[[1m^[[94mmove occurs because `did` has type `soroban_sdk::Bytes`, which does not implement the `Copy` trait^[[0m
test	Run tests	2026-06-25T13:35:31.1375302Z ^[[1m^[[94m...^[[0m
test	Run tests	2026-06-25T13:35:31.1375762Z ^[[1m^[[94m195^[[0m ^[[1m^[[94m|^[[0m         env.storage().persistent().set(&DidKey::Doc(did), &doc);
test	Run tests	2026-06-25T13:35:31.1376386Z     ^[[1m^[[94m|^[[0m                                                     ^[[1m^[[94m---^[[0m ^[[1m^[[94mvalue moved here^[[0m
test	Run tests	2026-06-25T13:35:31.1376806Z ^[[1m^[[94m...^[[0m
test	Run tests	2026-06-25T13:35:31.1377314Z ^[[1m^[[94m198^[[0m ^[[1m^[[94m|^[[0m             .publish((Symbol::new(&env, "DIDDeactivated"),), (did, controller));
test	Run tests	2026-06-25T13:35:31.1378017Z     ^[[1m^[[94m|^[[0m                                                               ^[[1m^[[91m^^^^[[0m ^[[1m^[[91mvalue used here after move^[[0m
test	Run tests	2026-06-25T13:35:31.1378465Z     ^[[1m^[[94m|^[[0m
test	Run tests	2026-06-25T13:35:31.1378879Z ^[[1m^[[96mhelp^[[0m: consider cloning the value if the performance cost is acceptable
test	Run tests	2026-06-25T13:35:31.1379316Z     ^[[1m^[[94m|^[[0m
test	Run tests	2026-06-25T13:35:31.1379821Z ^[[1m^[[94m195^[[0m ^[[1m^[[94m| ^[[0m        env.storage().persistent().set(&DidKey::Doc(did^[[92m.clone()^[[0m), &doc);
test	Run tests	2026-06-25T13:35:31.1380419Z     ^[[1m^[[94m|^[[0m                                                        ^[[92m++++++++^[[0m
test	Run tests	2026-06-25T13:35:31.1380688Z 
test	Run tests	2026-06-25T13:35:31.1467364Z ^[[1m^[[91merror[E0382]^[[0m^[[1m: use of moved value: `operation_id`^[[0m
test	Run tests	2026-06-25T13:35:31.1468260Z ##[error]   ^[[1m^[[94m--> ^[[0msrc/did_registry.rs:622:14
test	Run tests	2026-06-25T13:35:31.1469098Z     ^[[1m^[[94m|^[[0m
test	Run tests	2026-06-25T13:35:31.1469473Z ^[[1m^[[94m578^[[0m ^[[1m^[[94m|^[[0m         operation_id: Bytes,
test	Run tests	2026-06-25T13:35:31.1470490Z     ^[[1m^[[94m|^[[0m         ^[[1m^[[94m------------^[[0m ^[[1m^[[94mmove occurs because `operation_id` has type `soroban_sdk::Bytes`, which does not implement the `Copy` trait^[[0m
test	Run tests	2026-06-25T13:35:31.1471259Z ^[[1m^[[94m...^[[0m
test	Run tests	2026-06-25T13:35:31.1471759Z ^[[1m^[[94m618^[[0m ^[[1m^[[94m|^[[0m             .set(&DidKey::Operation(operation_id), &operation);
test	Run tests	2026-06-25T13:35:31.1472431Z     ^[[1m^[[94m|^[[0m                                     ^[[1m^[[94m------------^[[0m ^[[1m^[[94mvalue moved here^[[0m
test	Run tests	2026-06-25T13:35:31.1472910Z ^[[1m^[[94m...^[[0m
test	Run tests	2026-06-25T13:35:31.1473551Z ^[[1m^[[94m622^[[0m ^[[1m^[[94m|^[[0m             (operation_id, signer),
test	Run tests	2026-06-25T13:35:31.1474144Z     ^[[1m^[[94m|^[[0m              ^[[1m^[[91m^^^^^^^^^^^^^[[0m ^[[1m^[[91mvalue used here after move^[[0m
test	Run tests	2026-06-25T13:35:31.1474810Z     ^[[1m^[[94m|^[[0m
test	Run tests	2026-06-25T13:35:31.1475269Z ^[[1m^[[96mhelp^[[0m: consider cloning the value if the performance cost is acceptable
test	Run tests	2026-06-25T13:35:31.1475752Z     ^[[1m^[[94m|^[[0m
test	Run tests	2026-06-25T13:35:31.1476315Z ^[[1m^[[94m618^[[0m ^[[1m^[[94m| ^[[0m            .set(&DidKey::Operation(operation_id^[[92m.clone()^[[0m), &operation);
test	Run tests	2026-06-25T13:35:31.1476970Z     ^[[1m^[[94m|^[[0m                                                 ^[[92m++++++++^[[0m
test	Run tests	2026-06-25T13:35:31.1477254Z 
test	Run tests	2026-06-25T13:35:31.1477544Z ^[[1m^[[91merror[E0382]^[[0m^[[1m: use of moved value: `signer`^[[0m
test	Run tests	2026-06-25T13:35:31.1478231Z ##[error]   ^[[1m^[[94m--> ^[[0msrc/did_registry.rs:622:28
test	Run tests	2026-06-25T13:35:31.1478979Z     ^[[1m^[[94m|^[[0m
test	Run tests	2026-06-25T13:35:31.1479285Z ^[[1m^[[94m577^[[0m ^[[1m^[[94m|^[[0m         signer: Address,
test	Run tests	2026-06-25T13:35:31.1480143Z     ^[[1m^[[94m|^[[0m         ^[[1m^[[94m------^[[0m ^[[1m^[[94mmove occurs because `signer` has type `soroban_sdk::Address`, which does not implement the `Copy` trait^[[0m
test	Run tests	2026-06-25T13:35:31.1480837Z ^[[1m^[[94m...^[[0m
test	Run tests	2026-06-25T13:35:31.1481213Z ^[[1m^[[94m615^[[0m ^[[1m^[[94m|^[[0m         operation.approvals.push_back(signer);
test	Run tests	2026-06-25T13:35:31.1482123Z     ^[[1m^[[94m|^[[0m                                       ^[[1m^[[94m------^[[0m ^[[1m^[[94mvalue moved here^[[0m
test	Run tests	2026-06-25T13:35:31.1482861Z ^[[1m^[[94m...^[[0m
test	Run tests	2026-06-25T13:35:31.1483603Z ^[[1m^[[94m622^[[0m ^[[1m^[[94m|^[[0m             (operation_id, signer),
test	Run tests	2026-06-25T13:35:31.1484236Z     ^[[1m^[[94m|^[[0m                            ^[[1m^[[91m^^^^^^^[[0m ^[[1m^[[91mvalue used here after move^[[0m
test	Run tests	2026-06-25T13:35:31.1484670Z     ^[[1m^[[94m|^[[0m
test	Run tests	2026-06-25T13:35:31.1485105Z ^[[1m^[[96mhelp^[[0m: consider cloning the value if the performance cost is acceptable
test	Run tests	2026-06-25T13:35:31.1485568Z     ^[[1m^[[94m|^[[0m
test	Run tests	2026-06-25T13:35:31.1486237Z ^[[1m^[[94m615^[[0m ^[[1m^[[94m| ^[[0m        operation.approvals.push_back(signer^[[92m.clone()^[[0m);
test	Run tests	2026-06-25T13:35:31.1486823Z     ^[[1m^[[94m|^[[0m                                             ^[[92m++++++++^[[0m
test	Run tests	2026-06-25T13:35:31.1487101Z 
test	Run tests	2026-06-25T13:35:31.1487304Z ^[[1m^[[91merror^[[0m^[[1m: unused variable: `did`^[[0m
test	Run tests	2026-06-25T13:35:31.1487922Z ##[error]   ^[[1m^[[94m--> ^[[0msrc/did_registry.rs:681:41
test	Run tests	2026-06-25T13:35:31.1488673Z     ^[[1m^[[94m|^[[0m
test	Run tests	2026-06-25T13:35:31.1489096Z ^[[1m^[[94m681^[[0m ^[[1m^[[94m|^[[0m     fn generate_operation_id(env: &Env, did: &Bytes) -> Bytes {
test	Run tests	2026-06-25T13:35:31.1489855Z     ^[[1m^[[94m|^[[0m                                         ^[[1m^[[91m^^^^[[0m ^[[1m^[[91mhelp: if this is intentional, prefix it with an underscore: `_did`^[[0m
test	Run tests	2026-06-25T13:35:31.1490273Z 
test	Run tests	2026-06-25T13:35:31.3831965Z ^[[1m^[[91merror[E0382]^[[0m^[[1m: use of moved value: `subject`^[[0m
test	Run tests	2026-06-25T13:35:31.3833911Z ##[error]   ^[[1m^[[94m--> ^[[0msrc/reputation_oracle.rs:325:39
test	Run tests	2026-06-25T13:35:31.3835492Z     ^[[1m^[[94m|^[[0m
test	Run tests	2026-06-25T13:35:31.3836134Z ^[[1m^[[94m242^[[0m ^[[1m^[[94m|^[[0m         subject: Address,
test	Run tests	2026-06-25T13:35:31.3837922Z     ^[[1m^[[94m|^[[0m         ^[[1m^[[94m-------^[[0m ^[[1m^[[94mmove occurs because `subject` has type `soroban_sdk::Address`, which does not implement the `Copy` trait^[[0m
test	Run tests	2026-06-25T13:35:31.3839259Z ^[[1m^[[94m...^[[0m
test	Run tests	2026-06-25T13:35:31.3840176Z ^[[1m^[[94m314^[[0m ^[[1m^[[94m|^[[0m             .set(&OracleKey::SubjectFeeds(subject), &subject_feeds);
test	Run tests	2026-06-25T13:35:31.3841411Z     ^[[1m^[[94m|^[[0m                                           ^[[1m^[[94m-------^[[0m ^[[1m^[[94mvalue moved here^[[0m
test	Run tests	2026-06-25T13:35:31.3842241Z ^[[1m^[[94m...^[[0m
test	Run tests	2026-06-25T13:35:31.3842901Z ^[[1m^[[94m325^[[0m ^[[1m^[[94m|^[[0m             (feed_id.clone(), oracle, subject, data_type),
test	Run tests	2026-06-25T13:35:31.3843995Z     ^[[1m^[[94m|^[[0m                                       ^[[1m^[[91m^^^^^^^^[[0m ^[[1m^[[91mvalue used here after move^[[0m
test	Run tests	2026-06-25T13:35:31.3844684Z     ^[[1m^[[94m|^[[0m
test	Run tests	2026-06-25T13:35:31.3845346Z ^[[1m^[[96mhelp^[[0m: consider cloning the value if the performance cost is acceptable
test	Run tests	2026-06-25T13:35:31.3846056Z     ^[[1m^[[94m|^[[0m
test	Run tests	2026-06-25T13:35:31.3846896Z ^[[1m^[[94m314^[[0m ^[[1m^[[94m| ^[[0m            .set(&OracleKey::SubjectFeeds(subject^[[92m.clone()^[[0m), &subject_feeds);
test	Run tests	2026-06-25T13:35:31.3848132Z     ^[[1m^[[94m|^[[0m                                                  ^[[92m++++++++^[[0m
test	Run tests	2026-06-25T13:35:31.3848545Z 
test	Run tests	2026-06-25T13:35:31.7524850Z ^[[1m^[[91merror^[[0m^[[1m: unused variable: `env`^[[0m
test	Run tests	2026-06-25T13:35:31.7526295Z ##[error]  ^[[1m^[[94m--> ^[[0msrc/integration_tests.rs:71:16
test	Run tests	2026-06-25T13:35:31.7527790Z    ^[[1m^[[94m|^[[0m
test	Run tests	2026-06-25T13:35:31.7528857Z ^[[1m^[[94m71^[[0m ^[[1m^[[94m|^[[0m fn make_vm_vec(env: &Env, vms: Vec<VerificationMethod>) -> Vec<VerificationMethod> {
test	Run tests	2026-06-25T13:35:31.7530303Z    ^[[1m^[[94m|^[[0m                ^[[1m^[[91m^^^^[[0m ^[[1m^[[91mhelp: if this is intentional, prefix it with an underscore: `_env`^[[0m
test	Run tests	2026-06-25T13:35:31.7530994Z 
test	Run tests	2026-06-25T13:35:32.0310312Z ^[[1mSome errors have detailed explanations: E0061, E0277, E0382, E0425, E0432, E0433, E0599, E0609, E0610...^[[0m
test	Run tests	2026-06-25T13:35:32.0311669Z ^[[1mFor more information about an error, try `rustc --explain E0061`.^[[0m
test	Run tests	2026-06-25T13:35:32.0751339Z ^[[1m^[[91merror^[[0m: could not compile `stellar-identity-credentials-sdk` (lib test) due to 99 previous errors
test	Run tests	2026-06-25T13:35:32.0900907Z ##[error]Process completed with exit code 101.
